token,role,latin_name,common_name,confidence
a,INTERMEDIATE,Mentha spicata,Spearmint,0.0
aekeeey,BIOLOGICAL_ROOT,Mentha spicata,Spearmint,0.0
aiidy,FINAL_MEDICINE,Mentha spicata,Spearmint,0.0
aiin,INTERMEDIATE,Achillea millefolium,Yarrow,0.0
aiiral,FINAL_MEDICINE,Mentha spicata,Spearmint,0.0
aim,FINAL_MEDICINE,Achillea millefolium,Yarrow,0.0
ain,INTERMEDIATE,Mentha spicata,Spearmint,0.0
aindy,FINAL_MEDICINE,Mentha spicata,Spearmint,0.0
ainly,FINAL_MEDICINE,Fermented tincture stage,Tincture intermediate,0.0
ainn,FINAL_MEDICINE,Mentha spicata,Spearmint,0.0
air,INTERMEDIATE,Mentha spicata,Spearmint,0.0
airal,FINAL_MEDICINE,Melissa officinalis,Lemon balm,0.0
akar,INTERMEDIATE,Alcohol extract carrier,Solvent carrier,0.0
akeey,BIOLOGICAL_ROOT,Melissa officinalis,Lemon balm,0.0
aky,FINAL_MEDICINE,Mentha spicata,Spearmint,0.0
al,INTERMEDIATE,Melissa officinalis,Lemon balm,0.0
alaiin,FINAL_MEDICINE,Mentha spicata,Spearmint,0.0
alam,FINAL_MEDICINE,Mentha spicata,Spearmint,0.0
aldy,FINAL_MEDICINE,Mentha spicata,Spearmint,0.0
alkai,INTERMEDIATE,Alcohol extract carrier,Solvent carrier,0.0
alkaiin,INTERMEDIATE,Mentha spicata,Spearmint,0.0
alkchdy,BIOLOGICAL_ROOT,,,0.0
alm,FINAL_MEDICINE,Mentha spicata,Spearmint,0.0
alo,INTERMEDIATE,Mentha spicata,Spearmint,0.0
alol,INTERMEDIATE,Hypericum perforatum,St Johns wort,0.0
alom,FINAL_MEDICINE,Achillea millefolium,Yarrow,0.0
als,FINAL_MEDICINE,Fermented tincture stage,Tincture intermediate,0.0
alsar,INTERMEDIATE,Hypericum perforatum,St Johns wort,0.0
aly,FINAL_MEDICINE,Achillea millefolium,Yarrow,0.0
am,FINAL_MEDICINE,Melissa officinalis,Lemon balm,0.0
an,FINAL_MEDICINE,Melissa officinalis,Lemon balm,0.0
ar,INTERMEDIATE,Achillea millefolium,Yarrow,0.0
araiin,FINAL_MEDICINE,Mentha spicata,Spearmint,0.0
aral,INTERMEDIATE,Achillea millefolium,Yarrow,0.0
aram,FINAL_MEDICINE,,,0.0
araral,FINAL_MEDICINE,Mentha spicata,Spearmint,0.0
araram,FINAL_MEDICINE,,,0.0
arary,INTERMEDIATE,,,0.0
arody,FINAL_MEDICINE,Mentha spicata,Spearmint,0.0
arol,BIOLOGICAL_ROOT,Achillea millefolium,Yarrow,0.0
ary,FINAL_MEDICINE,,,0.0
as,FINAL_MEDICINE,Hypericum perforatum,St Johns wort,0.0
c,BIOLOGICAL_ROOT,Mentha spicata,Spearmint,0.0
cfhal,BIOLOGICAL_ROOT,,,0.0
cfhol,BIOLOGICAL_ROOT,,,0.0
ch,INTERMEDIATE,Fermented tincture stage,Tincture intermediate,0.0
cha,INTERMEDIATE,Mentha spicata,Spearmint,0.0
chady,FINAL_MEDICINE,Fermented tincture stage,Tincture intermediate,0.0
chai,FINAL_MEDICINE,Hypericum perforatum,St Johns wort,0.0
chaiin,INTERMEDIATE,Hypericum perforatum,St Johns wort,0.0
chal,INTERMEDIATE,Mentha spicata,Spearmint,0.0
chalaly,FINAL_MEDICINE,Mentha spicata,Spearmint,0.0
chaly,BIOLOGICAL_ROOT,Melissa officinalis,Lemon balm,0.0
char,INTERMEDIATE,Achillea millefolium,Yarrow,0.0
chary,FINAL_MEDICINE,Humulus lupulus,Hops,0.0
chataiin,FINAL_MEDICINE,Achillea millefolium,Yarrow,0.0
chcfhey,FINAL_MEDICINE,Mentha spicata,Spearmint,0.0
chcfhy,FINAL_MEDICINE,Artemisia absinthium,Wormwood,0.0
chckh,INTERMEDIATE,Mentha spicata,Spearmint,0.0
chckhaiin,BIOLOGICAL_ROOT,Mentha spicata,Spearmint,0.0
chckhair,FINAL_MEDICINE,Alcohol extract carrier,Solvent carrier,0.0
chckhal,FINAL_MEDICINE,Hypericum perforatum,St Johns wort,0.0
chckhchy,FINAL_MEDICINE,Mentha spicata,Spearmint,0.0
chckhdy,INTERMEDIATE,Mentha spicata,Spearmint,0.0
chckhedy,INTERMEDIATE,Mentha spicata,Spearmint,0.0
chckheed,FINAL_MEDICINE,Achillea millefolium,Yarrow,0.0
chckhey,INTERMEDIATE,Mentha spicata,Spearmint,0.0
chckhoda,FINAL_MEDICINE,Mentha spicata,Spearmint,0.0
chckhody,FINAL_MEDICINE,Mentha spicata,Spearmint,0.0
chckhol,BIOLOGICAL_ROOT,Alcohol extract carrier,Solvent carrier,0.0
chckhom,FINAL_MEDICINE,Alcohol extract carrier,Solvent carrier,0.0
chckhy,INTERMEDIATE,Humulus lupulus,Hops,0.0
chcphy,INTERMEDIATE,Artemisia absinthium,Wormwood,0.0
chcth,FINAL_MEDICINE,Humulus lupulus,Hops,0.0
chcthar,INTERMEDIATE,Mentha spicata,Spearmint,0.0
chcthd,FINAL_MEDICINE,Alcohol extract carrier,Solvent carrier,0.0
chcthdy,FINAL_MEDICINE,Mentha spicata,Spearmint,0.0
chcthed,BIOLOGICAL_ROOT,Papaver somniferum,Opium poppy,0.0
chcthey,BIOLOGICAL_ROOT,Melissa officinalis,Lemon balm,0.0
chcthoy,BIOLOGICAL_ROOT,Mentha spicata,Spearmint,0.0
chcthy,INTERMEDIATE,Mentha spicata,Spearmint,0.0
chdai,FINAL_MEDICINE,Fermented tincture stage,Tincture intermediate,0.0
chdaiin,INTERMEDIATE,Fermented tincture stage,Tincture intermediate,0.0
chdal,INTERMEDIATE,Mentha spicata,Spearmint,0.0
chdaldy,FINAL_MEDICINE,Hypericum perforatum,St Johns wort,0.0
chdar,FINAL_MEDICINE,Mentha spicata,Spearmint,0.0
chdedy,BIOLOGICAL_ROOT,,,0.0
chdl,BIOLOGICAL_ROOT,,,0.0
chdlcty,BIOLOGICAL_ROOT,,,0.0
chdlety,BIOLOGICAL_ROOT,,,0.0
chdolaiin,FINAL_MEDICINE,Mentha spicata,Spearmint,0.0
chdy,INTERMEDIATE,Mentha spicata,Spearmint,0.0
che,INTERMEDIATE,Mentha spicata,Spearmint,0.0
chea,FINAL_MEDICINE,Mentha spicata,Spearmint,0.0
cheaiin,BIOLOGICAL_ROOT,Mentha spicata,Spearmint,0.0
cheakaiin,INTERMEDIATE,Mentha spicata,Spearmint,0.0
cheaky,BIOLOGICAL_ROOT,Melissa officinalis,Lemon balm,0.0
cheal,INTERMEDIATE,Mentha spicata,Spearmint,0.0
chealy,FINAL_MEDICINE,Mentha spicata,Spearmint,0.0
cheam,FINAL_MEDICINE,Achillea millefolium,Yarrow,0.0
cheamy,FINAL_MEDICINE,Mentha spicata,Spearmint,0.0
chear,INTERMEDIATE,Mentha spicata,Spearmint,0.0
chechey,BIOLOGICAL_ROOT,Achillea millefolium,Yarrow,0.0
checkhey,BIOLOGICAL_ROOT,,,0.0
checkhy,INTERMEDIATE,Alcohol extract carrier,Solvent carrier,0.0
checthal,BIOLOGICAL_ROOT,Humulus lupulus,Hops,0.0
checthey,FINAL_MEDICINE,,,0.0
checthy,INTERMEDIATE,Fermented tincture stage,Tincture intermediate,0.0
ched,INTERMEDIATE,Mentha spicata,Spearmint,0.0
cheda,INTERMEDIATE,Fermented tincture stage,Tincture intermediate,0.0
chedai,FINAL_MEDICINE,Mentha spicata,Spearmint,0.0
chedaii,FINAL_MEDICINE,Melissa officinalis,Lemon balm,0.0
chedaiiin,FINAL_MEDICINE,Melissa officinalis,Lemon balm,0.0
chedaiin,INTERMEDIATE,Mentha spicata,Spearmint,0.0
chedal,INTERMEDIATE,Melissa officinalis,Lemon balm,0.0
chedam,FINAL_MEDICINE,Alcohol extract carrier,Solvent carrier,0.0
chedar,INTERMEDIATE,Achillea millefolium,Yarrow,0.0
chedky,FINAL_MEDICINE,,,0.0
chedor,FINAL_MEDICINE,Mentha spicata,Spearmint,0.0
chedy,INTERMEDIATE,Mentha spicata,Spearmint,0.0
chee,INTERMEDIATE,Mentha spicata,Spearmint,0.0
cheeal,BIOLOGICAL_ROOT,,,0.0
cheedai,BIOLOGICAL_ROOT,Alcohol extract carrier,Solvent carrier,0.0
cheedaiin,BIOLOGICAL_ROOT,Alcohol extract carrier,Solvent carrier,0.0
cheedar,BIOLOGICAL_ROOT,,,0.0
cheedy,INTERMEDIATE,Mentha spicata,Spearmint,0.0
cheeee,BIOLOGICAL_ROOT,Mentha spicata,Spearmint,0.0
cheeeo,BIOLOGICAL_ROOT,Mentha spicata,Spearmint,0.0
cheeey,BIOLOGICAL_ROOT,Mentha spicata,Spearmint,0.0
cheeir,BIOLOGICAL_ROOT,Mentha spicata,Spearmint,0.0
cheek,FINAL_MEDICINE,Mentha spicata,Spearmint,0.0
cheekai,FINAL_MEDICINE,Mentha spicata,Spearmint,0.0
cheekaiin,FINAL_MEDICINE,Mentha spicata,Spearmint,0.0
cheekey,INTERMEDIATE,,,0.0
cheeky,INTERMEDIATE,Mentha spicata,Spearmint,0.0
cheeody,INTERMEDIATE,Melissa officinalis,Lemon balm,0.0
cheeokeey,BIOLOGICAL_ROOT,Alcohol extract carrier,Solvent carrier,0.0
cheeol,BIOLOGICAL_ROOT,Melissa officinalis,Lemon balm,0.0
cheeoldy,FINAL_MEDICINE,Alcohol extract carrier,Solvent carrier,0.0
cheeos,BIOLOGICAL_ROOT,,,0.0
chees,INTERMEDIATE,Melissa officinalis,Lemon balm,0.0
cheetar,INTERMEDIATE,Achillea millefolium,Yarrow,0.0
cheeteey,BIOLOGICAL_ROOT,Achillea millefolium,Yarrow,0.0
cheey,INTERMEDIATE,Mentha spicata,Spearmint,0.0
cheis,FINAL_MEDICINE,,,0.0
chek,FINAL_MEDICINE,Mentha spicata,Spearmint,0.0
chekai,INTERMEDIATE,Melissa officinalis,Lemon balm,0.0
chekaiin,INTERMEDIATE,Melissa officinalis,Lemon balm,0.0
chekaim,FINAL_MEDICINE,Melissa officinalis,Lemon balm,0.0
chekaithhy,FINAL_MEDICINE,Alcohol extract carrier,Solvent carrier,0.0
chekal,INTERMEDIATE,Alcohol extract carrier,Solvent carrier,0.0
chekar,BIOLOGICAL_ROOT,Mentha spicata,Spearmint,0.0
chekeek,BIOLOGICAL_ROOT,Melissa officinalis,Lemon balm,0.0
chekey,INTERMEDIATE,Mentha spicata,Spearmint,0.0
chekody,BIOLOGICAL_ROOT,Mentha spicata,Spearmint,0.0
cheky,INTERMEDIATE,Mentha spicata,Spearmint,0.0
chelal,INTERMEDIATE,Mentha spicata,Spearmint,0.0
cheo,INTERMEDIATE,Mentha spicata,Spearmint,0.0
cheoar,INTERMEDIATE,Mentha spicata,Spearmint,0.0
cheockhedchy,FINAL_MEDICINE,,,0.0
cheockhy,INTERMEDIATE,Mentha spicata,Spearmint,0.0
cheocth,FINAL_MEDICINE,,,0.0
cheocthey,INTERMEDIATE,Alcohol extract carrier,Solvent carrier,0.0
cheocthy,INTERMEDIATE,Mentha spicata,Spearmint,0.0
cheodai,FINAL_MEDICINE,Papaver somniferum,Opium poppy,0.0
cheodaiin,INTERMEDIATE,Papaver somniferum,Opium poppy,0.0
cheodal,BIOLOGICAL_ROOT,Mentha spicata,Spearmint,0.0
cheodam,FINAL_MEDICINE,Fermented tincture stage,Tincture intermediate,0.0
cheodar,INTERMEDIATE,Melissa officinalis,Lemon balm,0.0
cheody,INTERMEDIATE,Mentha spicata,Spearmint,0.0
cheog,FINAL_MEDICINE,Melissa officinalis,Lemon balm,0.0
cheok,BIOLOGICAL_ROOT,Papaver somniferum,Opium poppy,0.0
cheokai,FINAL_MEDICINE,Mentha spicata,Spearmint,0.0
cheokaiin,INTERMEDIATE,Mentha spicata,Spearmint,0.0
cheokedy,FINAL_MEDICINE,Mentha spicata,Spearmint,0.0
cheokey,INTERMEDIATE,Fermented tincture stage,Tincture intermediate,0.0
cheoky,BIOLOGICAL_ROOT,Melissa officinalis,Lemon balm,0.0
cheokyl,BIOLOGICAL_ROOT,Fermented tincture stage,Tincture intermediate,0.0
cheol,INTERMEDIATE,Fermented tincture stage,Tincture intermediate,0.0
cheolor,BIOLOGICAL_ROOT,Mentha spicata,Spearmint,0.0
cheom,FINAL_MEDICINE,Achillea millefolium,Yarrow,0.0
cheopy,FINAL_MEDICINE,Mentha spicata,Spearmint,0.0
cheor,INTERMEDIATE,Mentha spicata,Spearmint,0.0
cheos,INTERMEDIATE,Mentha spicata,Spearmint,0.0
cheot,BIOLOGICAL_ROOT,,,0.0
cheotchey,BIOLOGICAL_ROOT,Humulus lupulus,Hops,0.0
cheoty,INTERMEDIATE,Mentha spicata,Spearmint,0.0
chep,FINAL_MEDICINE,Fermented tincture stage,Tincture intermediate,0.0
chepar,INTERMEDIATE,Mentha spicata,Spearmint,0.0
chepy,FINAL_MEDICINE,Mentha spicata,Spearmint,0.0
cher,FINAL_MEDICINE,Hypericum perforatum,St Johns wort,0.0
ches,INTERMEDIATE,Melissa officinalis,Lemon balm,0.0
chetar,BIOLOGICAL_ROOT,Mentha spicata,Spearmint,0.0
chetey,INTERMEDIATE,Melissa officinalis,Lemon balm,0.0
chety,INTERMEDIATE,Alcohol extract carrier,Solvent carrier,0.0
chey,INTERMEDIATE,Melissa officinalis,Lemon balm,0.0
chieir,BIOLOGICAL_ROOT,Mentha spicata,Spearmint,0.0
chk,BIOLOGICAL_ROOT,Mentha spicata,Spearmint,0.0
chka,BIOLOGICAL_ROOT,Alcohol extract carrier,Solvent carrier,0.0
chkai,INTERMEDIATE,Artemisia absinthium,Wormwood,0.0
chkaiin,INTERMEDIATE,Artemisia absinthium,Wormwood,0.0
chkal,INTERMEDIATE,Mentha spicata,Spearmint,0.0
chkaly,INTERMEDIATE,Mentha spicata,Spearmint,0.0
chkam,FINAL_MEDICINE,Fermented tincture stage,Tincture intermediate,0.0
chkar,INTERMEDIATE,Alcohol extract carrier,Solvent carrier,0.0
chkear,FINAL_MEDICINE,,,0.0
chkeeal,BIOLOGICAL_ROOT,Mentha spicata,Spearmint,0.0
chkeey,BIOLOGICAL_ROOT,Humulus lupulus,Hops,0.0
chkshy,BIOLOGICAL_ROOT,Achillea millefolium,Yarrow,0.0
chky,INTERMEDIATE,Mentha spicata,Spearmint,0.0
chl,INTERMEDIATE,Fermented tincture stage,Tincture intermediate,0.0
chlai,FINAL_MEDICINE,Fermented tincture stage,Tincture intermediate,0.0
chlam,INTERMEDIATE,Melissa officinalis,Lemon balm,0.0
chll,FINAL_MEDICINE,Melissa officinalis,Lemon balm,0.0
cho,INTERMEDIATE,Mentha spicata,Spearmint,0.0
choaiin,BIOLOGICAL_ROOT,,,0.0
chockhedy,INTERMEDIATE,Mentha spicata,Spearmint,0.0
chockhol,FINAL_MEDICINE,Melissa officinalis,Lemon balm,0.0
chocthy,FINAL_MEDICINE,,,0.0
chodaiin,INTERMEDIATE,Fermented tincture stage,Tincture intermediate,0.0
chodal,FINAL_MEDICINE,Mentha spicata,Spearmint,0.0
chodar,FINAL_MEDICINE,Humulus lupulus,Hops,0.0
chody,INTERMEDIATE,Papaver somniferum,Opium poppy,0.0
choee,FINAL_MEDICINE,,,0.0
choeees,FINAL_MEDICINE,,,0.0
chokai,INTERMEDIATE,Mentha spicata,Spearmint,0.0
chokaiin,INTERMEDIATE,Mentha spicata,Spearmint,0.0
chokair,FINAL_MEDICINE,Melissa officinalis,Lemon balm,0.0
chokar,INTERMEDIATE,Melissa officinalis,Lemon balm,0.0
chokedy,BIOLOGICAL_ROOT,Mentha spicata,Spearmint,0.0
chokeey,BIOLOGICAL_ROOT,,,0.0
chokeor,FINAL_MEDICINE,Mentha spicata,Spearmint,0.0
chokog,FINAL_MEDICINE,,,0.0
choky,FINAL_MEDICINE,Mentha spicata,Spearmint,0.0
chol,INTERMEDIATE,Mentha spicata,Spearmint,0.0
cholety,BIOLOGICAL_ROOT,,,0.0
cholkal,BIOLOGICAL_ROOT,,,0.0
cholody,FINAL_MEDICINE,Mentha spicata,Spearmint,0.0
cholxy,FINAL_MEDICINE,Mentha spicata,Spearmint,0.0
choly,BIOLOGICAL_ROOT,,,0.0
chopchy,BIOLOGICAL_ROOT,Achillea millefolium,Yarrow,0.0
chopol,BIOLOGICAL_ROOT,Mentha spicata,Spearmint,0.0
chor,INTERMEDIATE,Artemisia absinthium,Wormwood,0.0
chorain,FINAL_MEDICINE,,,0.0
chory,BIOLOGICAL_ROOT,,,0.0
chos,BIOLOGICAL_ROOT,,,0.0
chosals,FINAL_MEDICINE,Artemisia absinthium,Wormwood,0.0
chot,INTERMEDIATE,Alcohol extract carrier,Solvent carrier,0.0
chotaiin,INTERMEDIATE,Alcohol extract carrier,Solvent carrier,0.0
chotam,FINAL_MEDICINE,Mentha spicata,Spearmint,0.0
chotar,INTERMEDIATE,Mentha spicata,Spearmint,0.0
choty,INTERMEDIATE,Mentha spicata,Spearmint,0.0
chp,FINAL_MEDICINE,,,0.0
chpchs,BIOLOGICAL_ROOT,Melissa officinalis,Lemon balm,0.0
chpor,FINAL_MEDICINE,,,0.0
chs,BIOLOGICAL_ROOT,Achillea millefolium,Yarrow,0.0
chsd,BIOLOGICAL_ROOT,Mentha spicata,Spearmint,0.0
chtal,INTERMEDIATE,Mentha spicata,Spearmint,0.0
chtchor,FINAL_MEDICINE,Mentha spicata,Spearmint,0.0
chtody,FINAL_MEDICINE,Mentha spicata,Spearmint,0.0
chtol,BIOLOGICAL_ROOT,,,0.0
chty,INTERMEDIATE,Mentha spicata,Spearmint,0.0
chy,INTERMEDIATE,Melissa officinalis,Lemon balm,0.0
ck,BIOLOGICAL_ROOT,Hypericum perforatum,St Johns wort,0.0
ckhay,INTERMEDIATE,Mentha spicata,Spearmint,0.0
ckhear,INTERMEDIATE,,,0.0
ckheey,INTERMEDIATE,Mentha spicata,Spearmint,0.0
ckheo,BIOLOGICAL_ROOT,Mentha spicata,Spearmint,0.0
ckheol,FINAL_MEDICINE,Mentha spicata,Spearmint,0.0
ckhey,INTERMEDIATE,Mentha spicata,Spearmint,0.0
ckhol,INTERMEDIATE,Mentha spicata,Spearmint,0.0
ckhy,INTERMEDIATE,Hypericum perforatum,St Johns wort,0.0
ckhydy,FINAL_MEDICINE,,,0.0
cphchor,INTERMEDIATE,Mentha spicata,Spearmint,0.0
cphe,INTERMEDIATE,Mentha spicata,Spearmint,0.0
cpheey,BIOLOGICAL_ROOT,Mentha spicata,Spearmint,0.0
cphey,INTERMEDIATE,Alcohol extract carrier,Solvent carrier,0.0
cphoal,BIOLOGICAL_ROOT,Mentha spicata,Spearmint,0.0
cphocthy,INTERMEDIATE,,,0.0
cs,FINAL_MEDICINE,Hypericum perforatum,St Johns wort,0.0
cthain,FINAL_MEDICINE,Mentha spicata,Spearmint,0.0
cthal,INTERMEDIATE,Mentha spicata,Spearmint,0.0
cthan,BIOLOGICAL_ROOT,Mentha spicata,Spearmint,0.0
cthar,FINAL_MEDICINE,Mentha spicata,Spearmint,0.0
cthedy,FINAL_MEDICINE,Mentha spicata,Spearmint,0.0
ctheody,FINAL_MEDICINE,Mentha spicata,Spearmint,0.0
ctheol,BIOLOGICAL_ROOT,Fermented tincture stage,Tincture intermediate,0.0
cthey,INTERMEDIATE,Valeriana officinalis,Valerian extract,0.0
cthl,FINAL_MEDICINE,,,0.0
ctho,INTERMEDIATE,Mentha spicata,Spearmint,0.0
cthol,INTERMEDIATE,Mentha spicata,Spearmint,0.0
ctholdar,FINAL_MEDICINE,Valeriana officinalis,Valerian root,0.0
cthom,FINAL_MEDICINE,Mentha spicata,Spearmint,0.0
cthor,INTERMEDIATE,Mentha spicata,Spearmint,0.0
cthy,INTERMEDIATE,Valeriana officinalis,Valerian extract,0.0
d,FINAL_MEDICINE,Hypericum perforatum,St Johns wort,0.0
da,FINAL_MEDICINE,Mentha spicata,Spearmint,0.0
dadam,FINAL_MEDICINE,Melissa officinalis,Lemon balm,0.0
dai,INTERMEDIATE,Humulus lupulus,Hops,0.0
daii,BIOLOGICAL_ROOT,Mentha spicata,Spearmint,0.0
daiin,INTERMEDIATE,Mentha spicata,Spearmint,0.0
daiinr,FINAL_MEDICINE,,,0.0
daikeody,FINAL_MEDICINE,Melissa officinalis,Lemon balm,0.0
dail,FINAL_MEDICINE,,,0.0
dain,INTERMEDIATE,Mentha spicata,Spearmint,0.0
dair,INTERMEDIATE,Mentha spicata,Spearmint,0.0
dais,FINAL_MEDICINE,Mentha spicata,Spearmint,0.0
daj,FINAL_MEDICINE,Mentha spicata,Spearmint,0.0
dakeey,FINAL_MEDICINE,,,0.0
dal,INTERMEDIATE,Papaver somniferum,Opium poppy,0.0
dalam,FINAL_MEDICINE,Mentha spicata,Spearmint,0.0
dalchdy,BIOLOGICAL_ROOT,Mentha spicata,Spearmint,0.0
dalchedy,FINAL_MEDICINE,Mentha spicata,Spearmint,0.0
dalchy,BIOLOGICAL_ROOT,,,0.0
daldy,FINAL_MEDICINE,Mentha spicata,Spearmint,0.0
dalg,FINAL_MEDICINE,Papaver somniferum,Opium poppy,0.0
dalm,FINAL_MEDICINE,,,0.0
dalor,BIOLOGICAL_ROOT,,,0.0
daly,FINAL_MEDICINE,,,0.0
dam,FINAL_MEDICINE,Mentha spicata,Spearmint,0.0
dar,INTERMEDIATE,Mentha spicata,Spearmint,0.0
daram,FINAL_MEDICINE,Mentha spicata,Spearmint,0.0
das,BIOLOGICAL_ROOT,Mentha spicata,Spearmint,0.0
day,FINAL_MEDICINE,Alcohol extract carrier,Solvent carrier,0.0
dchdar,INTERMEDIATE,Mentha spicata,Spearmint,0.0
dchdas,INTERMEDIATE,Mentha spicata,Spearmint,0.0
dchdos,INTERMEDIATE,Mentha spicata,Spearmint,0.0
dcheey,FINAL_MEDICINE,,,0.0
dckhey,FINAL_MEDICINE,,,0.0
dckhy,BIOLOGICAL_ROOT,Mentha spicata,Spearmint,0.0
ded,FINAL_MEDICINE,Mentha spicata,Spearmint,0.0
deeam,FINAL_MEDICINE,Mentha spicata,Spearmint,0.0
deeom,FINAL_MEDICINE,Mentha spicata,Spearmint,0.0
dl,INTERMEDIATE,Mentha spicata,Spearmint,0.0
dlar,FINAL_MEDICINE,Mentha spicata,Spearmint,0.0
dlchd,FINAL_MEDICINE,Mentha spicata,Spearmint,0.0
dlchesy,INTERMEDIATE,Mentha spicata,Spearmint,0.0
dlor,FINAL_MEDICINE,Mentha spicata,Spearmint,0.0
dlos,FINAL_MEDICINE,Mentha spicata,Spearmint,0.0
doal,FINAL_MEDICINE,,,0.0
dod,FINAL_MEDICINE,Mentha spicata,Spearmint,0.0
dokeey,FINAL_MEDICINE,,,0.0
dol,INTERMEDIATE,Mentha spicata,Spearmint,0.0
dory,BIOLOGICAL_ROOT,,,0.0
ds,BIOLOGICAL_ROOT,Papaver somniferum,Opium poppy,0.0
dsheedy,BIOLOGICAL_ROOT,Alcohol extract carrier,Solvent carrier,0.0
dshey,FINAL_MEDICINE,,,0.0
dshy,FINAL_MEDICINE,Melissa officinalis,Lemon balm,0.0
dy,INTERMEDIATE,Papaver somniferum,Opium poppy,0.0
dytchy,FINAL_MEDICINE,Mentha spicata,Spearmint,0.0
ealam,FINAL_MEDICINE,,,0.0
eear,BIOLOGICAL_ROOT,Mentha spicata,Spearmint,0.0
eeckhy,BIOLOGICAL_ROOT,Humulus lupulus,Hops,0.0
eetees,BIOLOGICAL_ROOT,,,0.0
ekar,INTERMEDIATE,Mentha spicata,Spearmint,0.0
el,BIOLOGICAL_ROOT,Artemisia absinthium,Wormwood,0.0
eor,BIOLOGICAL_ROOT,Mentha spicata,Spearmint,0.0
es,FINAL_MEDICINE,Hypericum perforatum,St Johns wort,0.0
etar,FINAL_MEDICINE,Mentha spicata,Spearmint,0.0
eteeys,FINAL_MEDICINE,Mentha spicata,Spearmint,0.0
far,INTERMEDIATE,Valeriana officinalis,Valerian root,0.0
fcho,BIOLOGICAL_ROOT,Mentha spicata,Spearmint,0.0
g,FINAL_MEDICINE,Valeriana officinalis,Valerian extract,0.0
i,BIOLOGICAL_ROOT,Hypericum perforatum,St Johns wort,0.0
k,INTERMEDIATE,Mentha spicata,Spearmint,0.0
kair,BIOLOGICAL_ROOT,Melissa officinalis,Lemon balm,0.0
kairy,BIOLOGICAL_ROOT,,,0.0
kar,INTERMEDIATE,Humulus lupulus,Hops,0.0
kchey,FINAL_MEDICINE,Melissa officinalis,Lemon balm,0.0
kchol,BIOLOGICAL_ROOT,,,0.0
keeol,FINAL_MEDICINE,Melissa officinalis,Lemon balm,0.0
keody,FINAL_MEDICINE,Papaver somniferum,Opium poppy,0.0
koiin,BIOLOGICAL_ROOT,Alcohol extract carrier,Solvent carrier,0.0
koly,FINAL_MEDICINE,Alcohol extract carrier,Solvent carrier,0.0
ksam,FINAL_MEDICINE,Hypericum perforatum,St Johns wort,0.0
kshar,FINAL_MEDICINE,Mentha spicata,Spearmint,0.0
l,INTERMEDIATE,Hypericum perforatum,St Johns wort,0.0
lal,INTERMEDIATE,Mentha spicata,Spearmint,0.0
lam,FINAL_MEDICINE,Mentha spicata,Spearmint,0.0
lchey,INTERMEDIATE,Mentha spicata,Spearmint,0.0
ldy,FINAL_MEDICINE,Mentha spicata,Spearmint,0.0
lkaiin,INTERMEDIATE,Mentha spicata,Spearmint,0.0
lkar,INTERMEDIATE,Melissa officinalis,Lemon balm,0.0
lkchey,INTERMEDIATE,Mentha spicata,Spearmint,0.0
lkechy,INTERMEDIATE,Mentha spicata,Spearmint,0.0
lkeechey,INTERMEDIATE,Mentha spicata,Spearmint,0.0
lkeeey,INTERMEDIATE,Mentha spicata,Spearmint,0.0
lkeody,INTERMEDIATE,Mentha spicata,Spearmint,0.0
lkl,INTERMEDIATE,Mentha spicata,Spearmint,0.0
lky,INTERMEDIATE,Achillea millefolium,Yarrow,0.0
lod,FINAL_MEDICINE,Melissa officinalis,Lemon balm,0.0
lom,FINAL_MEDICINE,Mentha spicata,Spearmint,0.0
lor,INTERMEDIATE,Fermented tincture stage,Tincture intermediate,0.0
lrar,FINAL_MEDICINE,Mentha spicata,Spearmint,0.0
ls,BIOLOGICAL_ROOT,Mentha spicata,Spearmint,0.0
ly,FINAL_MEDICINE,Alcohol extract carrier,Solvent carrier,0.0
m,FINAL_MEDICINE,Valeriana officinalis,Valerian extract,0.0
o,INTERMEDIATE,Melissa officinalis,Lemon balm,0.0
oai,BIOLOGICAL_ROOT,Mentha spicata,Spearmint,0.0
oar,INTERMEDIATE,Alcohol extract carrier,Solvent carrier,0.0
ochedaiin,BIOLOGICAL_ROOT,Mentha spicata,Spearmint,0.0
ocheey,INTERMEDIATE,Melissa officinalis,Lemon balm,0.0
oches,BIOLOGICAL_ROOT,,,0.0
ocholdy,FINAL_MEDICINE,Hypericum perforatum,St Johns wort,0.0
ockh,FINAL_MEDICINE,Alcohol extract carrier,Solvent carrier,0.0
ockhedy,INTERMEDIATE,Melissa officinalis,Lemon balm,0.0
ockheody,BIOLOGICAL_ROOT,Alcohol extract carrier,Solvent carrier,0.0
ockhey,FINAL_MEDICINE,Mentha spicata,Spearmint,0.0
ockhhy,FINAL_MEDICINE,Alcohol extract carrier,Solvent carrier,0.0
ockhy,INTERMEDIATE,Mentha spicata,Spearmint,0.0
octhd,FINAL_MEDICINE,Mentha spicata,Spearmint,0.0
octhedy,INTERMEDIATE,Alcohol extract carrier,Solvent carrier,0.0
octheol,INTERMEDIATE,Alcohol extract carrier,Solvent carrier,0.0
octhhdy,BIOLOGICAL_ROOT,Alcohol extract carrier,Solvent carrier,0.0
octhody,FINAL_MEDICINE,Mentha spicata,Spearmint,0.0
octhy,INTERMEDIATE,Mentha spicata,Spearmint,0.0
odai,INTERMEDIATE,Mentha spicata,Spearmint,0.0
odaiin,INTERMEDIATE,Mentha spicata,Spearmint,0.0
odaly,FINAL_MEDICINE,Mentha spicata,Spearmint,0.0
odar,INTERMEDIATE,Melissa officinalis,Lemon balm,0.0
odeedy,BIOLOGICAL_ROOT,Melissa officinalis,Lemon balm,0.0
ody,INTERMEDIATE,Mentha spicata,Spearmint,0.0
oech,INTERMEDIATE,Melissa officinalis,Lemon balm,0.0
oeedaiin,BIOLOGICAL_ROOT,Melissa officinalis,Lemon balm,0.0
oeedy,BIOLOGICAL_ROOT,Mentha spicata,Spearmint,0.0
oeees,BIOLOGICAL_ROOT,,,0.0
oeey,INTERMEDIATE,Mentha spicata,Spearmint,0.0
oeiin,INTERMEDIATE,Mentha spicata,Spearmint,0.0
oekeeey,BIOLOGICAL_ROOT,Mentha spicata,Spearmint,0.0
ofair,INTERMEDIATE,Mentha spicata,Spearmint,0.0
ofar,BIOLOGICAL_ROOT,,,0.0
ofas,BIOLOGICAL_ROOT,,,0.0
ofchedaiin,BIOLOGICAL_ROOT,,,0.0
ofchedy,BIOLOGICAL_ROOT,Alcohol extract carrier,Solvent carrier,0.0
ofchee,FINAL_MEDICINE,Mentha spicata,Spearmint,0.0
oiin,BIOLOGICAL_ROOT,Achillea millefolium,Yarrow,0.0
okaedy,FINAL_MEDICINE,Alcohol extract carrier,Solvent carrier,0.0
okai,INTERMEDIATE,Mentha spicata,Spearmint,0.0
okaiin,INTERMEDIATE,Mentha spicata,Spearmint,0.0
okaildy,FINAL_MEDICINE,Mentha spicata,Spearmint,0.0
okain,INTERMEDIATE,Mentha spicata,Spearmint,0.0
okainy,FINAL_MEDICINE,Melissa officinalis,Lemon balm,0.0
okair,BIOLOGICAL_ROOT,,,0.0
okairdy,FINAL_MEDICINE,Mentha spicata,Spearmint,0.0
okairody,FINAL_MEDICINE,Alcohol extract carrier,Solvent carrier,0.0
okairy,BIOLOGICAL_ROOT,Mentha spicata,Spearmint,0.0
okal,INTERMEDIATE,Melissa officinalis,Lemon balm,0.0
okalal,INTERMEDIATE,Mentha spicata,Spearmint,0.0
okaldy,BIOLOGICAL_ROOT,,,0.0
okaly,FINAL_MEDICINE,,,0.0
okam,FINAL_MEDICINE,Mentha spicata,Spearmint,0.0
okan,FINAL_MEDICINE,Mentha spicata,Spearmint,0.0
okar,INTERMEDIATE,Mentha spicata,Spearmint,0.0
okarol,FINAL_MEDICINE,Mentha spicata,Spearmint,0.0
okary,FINAL_MEDICINE,Papaver somniferum,Opium poppy,0.0
okas,FINAL_MEDICINE,Mentha spicata,Spearmint,0.0
okchd,INTERMEDIATE,Mentha spicata,Spearmint,0.0
okchdy,INTERMEDIATE,Mentha spicata,Spearmint,0.0
okchedaiin,FINAL_MEDICINE,,,0.0
okchedy,FINAL_MEDICINE,Mentha spicata,Spearmint,0.0
okchey,INTERMEDIATE,Achillea millefolium,Yarrow,0.0
okcho,FINAL_MEDICINE,Melissa officinalis,Lemon balm,0.0
okchor,INTERMEDIATE,Mentha spicata,Spearmint,0.0
okchy,INTERMEDIATE,Mentha spicata,Spearmint,0.0
oke,BIOLOGICAL_ROOT,Mentha spicata,Spearmint,0.0
okeady,BIOLOGICAL_ROOT,Mentha spicata,Spearmint,0.0
okear,FINAL_MEDICINE,Mentha spicata,Spearmint,0.0
okechdy,BIOLOGICAL_ROOT,Melissa officinalis,Lemon balm,0.0
okedal,INTERMEDIATE,Mentha spicata,Spearmint,0.0
okedy,INTERMEDIATE,Fermented tincture stage,Tincture intermediate,0.0
okeealy,BIOLOGICAL_ROOT,Mentha spicata,Spearmint,0.0
okeeam,FINAL_MEDICINE,Alcohol extract carrier,Solvent carrier,0.0
okeechey,FINAL_MEDICINE,Mentha spicata,Spearmint,0.0
okeed,FINAL_MEDICINE,Mentha spicata,Spearmint,0.0
okeedy,INTERMEDIATE,Alcohol extract carrier,Solvent carrier,0.0
okeeedy,BIOLOGICAL_ROOT,,,0.0
okeeo,INTERMEDIATE,Mentha spicata,Spearmint,0.0
okeeody,BIOLOGICAL_ROOT,Achillea millefolium,Yarrow,0.0
okeeol,INTERMEDIATE,Alcohol extract carrier,Solvent carrier,0.0
okeeor,INTERMEDIATE,Mentha spicata,Spearmint,0.0
okeey,INTERMEDIATE,Melissa officinalis,Lemon balm,0.0
okeo,BIOLOGICAL_ROOT,Melissa officinalis,Lemon balm,0.0
okeockhey,BIOLOGICAL_ROOT,,,0.0
okeod,BIOLOGICAL_ROOT,Mentha spicata,Spearmint,0.0
okeody,BIOLOGICAL_ROOT,Mentha spicata,Spearmint,0.0
okeol,INTERMEDIATE,Mentha spicata,Spearmint,0.0
okeoly,BIOLOGICAL_ROOT,Hypericum perforatum,St Johns wort,0.0
okeor,BIOLOGICAL_ROOT,Mentha spicata,Spearmint,0.0
okesoe,BIOLOGICAL_ROOT,Mentha spicata,Spearmint,0.0
okey,INTERMEDIATE,Achillea millefolium,Yarrow,0.0
okeykeey,INTERMEDIATE,,,0.0
okeyteey,INTERMEDIATE,,,0.0
okody,BIOLOGICAL_ROOT,,,0.0
okoey,BIOLOGICAL_ROOT,Melissa officinalis,Lemon balm,0.0
okoiin,INTERMEDIATE,Mentha spicata,Spearmint,0.0
okol,INTERMEDIATE,Hypericum perforatum,St Johns wort,0.0
okoly,INTERMEDIATE,Melissa officinalis,Lemon balm,0.0
okor,INTERMEDIATE,Mentha spicata,Spearmint,0.0
okos,INTERMEDIATE,Alcohol extract carrier,Solvent carrier,0.0
okshdy,BIOLOGICAL_ROOT,Hypericum perforatum,St Johns wort,0.0
oksheey,BIOLOGICAL_ROOT,Achillea millefolium,Yarrow,0.0
oksho,FINAL_MEDICINE,Mentha spicata,Spearmint,0.0
okshody,BIOLOGICAL_ROOT,Mentha spicata,Spearmint,0.0
okshor,FINAL_MEDICINE,Mentha spicata,Spearmint,0.0
okshydy,BIOLOGICAL_ROOT,Mentha spicata,Spearmint,0.0
oky,INTERMEDIATE,Mentha spicata,Spearmint,0.0
ol,INTERMEDIATE,Alcohol extract carrier,Solvent carrier,0.0
olaiin,INTERMEDIATE,Mentha spicata,Spearmint,0.0
olaiir,FINAL_MEDICINE,Mentha spicata,Spearmint,0.0
olal,INTERMEDIATE,Mentha spicata,Spearmint,0.0
olam,FINAL_MEDICINE,Mentha spicata,Spearmint,0.0
olan,BIOLOGICAL_ROOT,Mentha spicata,Spearmint,0.0
olar,FINAL_MEDICINE,Mentha spicata,Spearmint,0.0
olch,INTERMEDIATE,Melissa officinalis,Lemon balm,0.0
olchdy,FINAL_MEDICINE,Melissa officinalis,Lemon balm,0.0
olchedaiin,INTERMEDIATE,Mentha spicata,Spearmint,0.0
olcheees,BIOLOGICAL_ROOT,Mentha spicata,Spearmint,0.0
olcheeo,BIOLOGICAL_ROOT,Melissa officinalis,Lemon balm,0.0
olcheky,FINAL_MEDICINE,Mentha spicata,Spearmint,0.0
olcheol,INTERMEDIATE,Mentha spicata,Spearmint,0.0
olchey,INTERMEDIATE,Alcohol extract carrier,Solvent carrier,0.0
olchy,FINAL_MEDICINE,Mentha spicata,Spearmint,0.0
oldaiin,INTERMEDIATE,Melissa officinalis,Lemon balm,0.0
oldam,FINAL_MEDICINE,Hypericum perforatum,St Johns wort,0.0
oldar,BIOLOGICAL_ROOT,Alcohol extract carrier,Solvent carrier,0.0
oldy,FINAL_MEDICINE,Papaver somniferum,Opium poppy,0.0
oleeedy,BIOLOGICAL_ROOT,Mentha spicata,Spearmint,0.0
olfaiin,FINAL_MEDICINE,Melissa officinalis,Lemon balm,0.0
olfar,INTERMEDIATE,Alcohol extract carrier,Solvent carrier,0.0
olfor,INTERMEDIATE,Alcohol extract carrier,Solvent carrier,0.0
olkaey,BIOLOGICAL_ROOT,Mentha spicata,Spearmint,0.0
olkaiin,INTERMEDIATE,Mentha spicata,Spearmint,0.0
olkaiir,BIOLOGICAL_ROOT,Fermented tincture stage,Tincture intermediate,0.0
olkaim,FINAL_MEDICINE,Humulus lupulus,Hops,0.0
olkal,INTERMEDIATE,Mentha spicata,Spearmint,0.0
olkam,FINAL_MEDICINE,Mentha spicata,Spearmint,0.0
olkar,INTERMEDIATE,Mentha spicata,Spearmint,0.0
olkechy,BIOLOGICAL_ROOT,Papaver somniferum,Opium poppy,0.0
olkedy,FINAL_MEDICINE,,,0.0
olkeechey,FINAL_MEDICINE,,,0.0
olkeedy,INTERMEDIATE,Melissa officinalis,Lemon balm,0.0
olkeeey,BIOLOGICAL_ROOT,Alcohol extract carrier,Solvent carrier,0.0
olkeeo,FINAL_MEDICINE,Alcohol extract carrier,Solvent carrier,0.0
olkeeody,BIOLOGICAL_ROOT,Mentha spicata,Spearmint,0.0
olkeey,INTERMEDIATE,Hypericum perforatum,St Johns wort,0.0
olkeody,INTERMEDIATE,Mentha spicata,Spearmint,0.0
olkeor,BIOLOGICAL_ROOT,,,0.0
olkeshar,FINAL_MEDICINE,Mentha spicata,Spearmint,0.0
olkey,FINAL_MEDICINE,,,0.0
olky,INTERMEDIATE,Melissa officinalis,Lemon balm,0.0
olldy,FINAL_MEDICINE,Mentha spicata,Spearmint,0.0
olo,FINAL_MEDICINE,Melissa officinalis,Lemon balm,0.0
oloeeedy,INTERMEDIATE,Hypericum perforatum,St Johns wort,0.0
oloiin,FINAL_MEDICINE,Mentha spicata,Spearmint,0.0
olol,FINAL_MEDICINE,Mentha spicata,Spearmint,0.0
olom,FINAL_MEDICINE,Melissa officinalis,Lemon balm,0.0
olor,INTERMEDIATE,Alcohol extract carrier,Solvent carrier,0.0
olr,BIOLOGICAL_ROOT,Alcohol extract carrier,Solvent carrier,0.0
ols,INTERMEDIATE,Alcohol extract carrier,Solvent carrier,0.0
olshe,BIOLOGICAL_ROOT,Mentha spicata,Spearmint,0.0
olshedy,INTERMEDIATE,Melissa officinalis,Lemon balm,0.0
olshey,FINAL_MEDICINE,Alcohol extract carrier,Solvent carrier,0.0
olsho,BIOLOGICAL_ROOT,Hypericum perforatum,St Johns wort,0.0
oltam,FINAL_MEDICINE,,,0.0
olteechey,FINAL_MEDICINE,,,0.0
oly,FINAL_MEDICINE,Mentha spicata,Spearmint,0.0
om,FINAL_MEDICINE,Alcohol extract carrier,Solvent carrier,0.0
ool,BIOLOGICAL_ROOT,Alcohol extract carrier,Solvent carrier,0.0
opaichy,FINAL_MEDICINE,,,0.0
opaiim,FINAL_MEDICINE,Mentha spicata,Spearmint,0.0
opair,FINAL_MEDICINE,,,0.0
opakam,FINAL_MEDICINE,,,0.0
opal,FINAL_MEDICINE,Mentha spicata,Spearmint,0.0
opalor,FINAL_MEDICINE,Melissa officinalis,Lemon balm,0.0
opar,BIOLOGICAL_ROOT,,,0.0
opchal,FINAL_MEDICINE,Fermented tincture stage,Tincture intermediate,0.0
opchedy,BIOLOGICAL_ROOT,Achillea millefolium,Yarrow,0.0
opcheol,FINAL_MEDICINE,,,0.0
opor,BIOLOGICAL_ROOT,Mentha spicata,Spearmint,0.0
opshol,BIOLOGICAL_ROOT,Achillea millefolium,Yarrow,0.0
opy,FINAL_MEDICINE,,,0.0
oqockhy,FINAL_MEDICINE,Mentha spicata,Spearmint,0.0
oqol,BIOLOGICAL_ROOT,Mentha spicata,Spearmint,0.0
or,INTERMEDIATE,Mentha spicata,Spearmint,0.0
ora,FINAL_MEDICINE,Fermented tincture stage,Tincture intermediate,0.0
oraiin,INTERMEDIATE,Alcohol extract carrier,Solvent carrier,0.0
oram,FINAL_MEDICINE,,,0.0
orar,FINAL_MEDICINE,Alcohol extract carrier,Solvent carrier,0.0
org,FINAL_MEDICINE,,,0.0
oriim,FINAL_MEDICINE,Melissa officinalis,Lemon balm,0.0
orokeeeey,BIOLOGICAL_ROOT,,,0.0
orol,FINAL_MEDICINE,Mentha spicata,Spearmint,0.0
os,INTERMEDIATE,Fermented tincture stage,Tincture intermediate,0.0
osaiin,FINAL_MEDICINE,Mentha spicata,Spearmint,0.0
ot,FINAL_MEDICINE,Melissa officinalis,Lemon balm,0.0
ota,INTERMEDIATE,Melissa officinalis,Lemon balm,0.0
otad,INTERMEDIATE,Alcohol extract carrier,Solvent carrier,0.0
otai,INTERMEDIATE,Melissa officinalis,Lemon balm,0.0
otaiin,INTERMEDIATE,Mentha spicata,Spearmint,0.0
otail,INTERMEDIATE,Alcohol extract carrier,Solvent carrier,0.0
otaim,FINAL_MEDICINE,Mentha spicata,Spearmint,0.0
otain,BIOLOGICAL_ROOT,Mentha spicata,Spearmint,0.0
otair,INTERMEDIATE,Alcohol extract carrier,Solvent carrier,0.0
otairody,FINAL_MEDICINE,Alcohol extract carrier,Solvent carrier,0.0
otal,INTERMEDIATE,Alcohol extract carrier,Solvent carrier,0.0
otalai,INTERMEDIATE,Mentha spicata,Spearmint,0.0
otalaiin,INTERMEDIATE,Mentha spicata,Spearmint,0.0
otalal,FINAL_MEDICINE,Mentha spicata,Spearmint,0.0
otalar,BIOLOGICAL_ROOT,Melissa officinalis,Lemon balm,0.0
otaldal,FINAL_MEDICINE,Mentha spicata,Spearmint,0.0
otalkai,FINAL_MEDICINE,Mentha spicata,Spearmint,0.0
otalkaiin,FINAL_MEDICINE,Mentha spicata,Spearmint,0.0
otals,FINAL_MEDICINE,,,0.0
otalshdy,BIOLOGICAL_ROOT,Mentha spicata,Spearmint,0.0
otam,INTERMEDIATE,Alcohol extract carrier,Solvent carrier,0.0
otan,FINAL_MEDICINE,Hypericum perforatum,St Johns wort,0.0
otar,INTERMEDIATE,Mentha spicata,Spearmint,0.0
otaral,FINAL_MEDICINE,Mentha spicata,Spearmint,0.0
otaram,FINAL_MEDICINE,Mentha spicata,Spearmint,0.0
otardy,FINAL_MEDICINE,Fermented tincture stage,Tincture intermediate,0.0
otariin,BIOLOGICAL_ROOT,Fermented tincture stage,Tincture intermediate,0.0
otary,FINAL_MEDICINE,Alcohol extract carrier,Solvent carrier,0.0
otchdy,INTERMEDIATE,Alcohol extract carrier,Solvent carrier,0.0
otchedy,INTERMEDIATE,Mentha spicata,Spearmint,0.0
otcheedy,BIOLOGICAL_ROOT,Mentha spicata,Spearmint,0.0
otcheochy,FINAL_MEDICINE,Melissa officinalis,Lemon balm,0.0
otches,BIOLOGICAL_ROOT,Mentha spicata,Spearmint,0.0
otchey,INTERMEDIATE,Mentha spicata,Spearmint,0.0
otchodal,BIOLOGICAL_ROOT,,,0.0
otchol,FINAL_MEDICINE,Melissa officinalis,Lemon balm,0.0
otcholchy,BIOLOGICAL_ROOT,Mentha spicata,Spearmint,0.0
otchor,INTERMEDIATE,Mentha spicata,Spearmint,0.0
otchy,INTERMEDIATE,Mentha spicata,Spearmint,0.0
ote,INTERMEDIATE,Melissa officinalis,Lemon balm,0.0
oteaiin,BIOLOGICAL_ROOT,Melissa officinalis,Lemon balm,0.0
otecheedy,INTERMEDIATE,Mentha spicata,Spearmint,0.0
otedaiin,BIOLOGICAL_ROOT,Alcohol extract carrier,Solvent carrier,0.0
otedas,FINAL_MEDICINE,,,0.0
otedy,INTERMEDIATE,Alcohol extract carrier,Solvent carrier,0.0
otee,FINAL_MEDICINE,,,0.0
oteeaiin,BIOLOGICAL_ROOT,Mentha spicata,Spearmint,0.0
oteed,INTERMEDIATE,Mentha spicata,Spearmint,0.0
oteedy,INTERMEDIATE,Mentha spicata,Spearmint,0.0
oteee,FINAL_MEDICINE,Melissa officinalis,Lemon balm,0.0
oteeey,FINAL_MEDICINE,Mentha spicata,Spearmint,0.0
oteeo,INTERMEDIATE,Alcohol extract carrier,Solvent carrier,0.0
oteeody,INTERMEDIATE,,,0.0
oteeor,BIOLOGICAL_ROOT,,,0.0
oteey,INTERMEDIATE,Mentha spicata,Spearmint,0.0
oteiin,FINAL_MEDICINE,Mentha spicata,Spearmint,0.0
oteochor,FINAL_MEDICINE,,,0.0
oteodaiin,BIOLOGICAL_ROOT,Alcohol extract carrier,Solvent carrier,0.0
oteodair,BIOLOGICAL_ROOT,,,0.0
oteody,BIOLOGICAL_ROOT,Fermented tincture stage,Tincture intermediate,0.0
oteokeey,BIOLOGICAL_ROOT,,,0.0
oteol,INTERMEDIATE,Mentha spicata,Spearmint,0.0
oteoos,FINAL_MEDICINE,Mentha spicata,Spearmint,0.0
oteos,INTERMEDIATE,Fermented tincture stage,Tincture intermediate,0.0
oteoshor,FINAL_MEDICINE,,,0.0
oteshy,FINAL_MEDICINE,Melissa officinalis,Lemon balm,0.0
otey,INTERMEDIATE,Mentha spicata,Spearmint,0.0
otl,FINAL_MEDICINE,Mentha spicata,Spearmint,0.0
otleey,BIOLOGICAL_ROOT,Mentha spicata,Spearmint,0.0
oto,INTERMEDIATE,Mentha spicata,Spearmint,0.0
otoam,BIOLOGICAL_ROOT,Melissa officinalis,Lemon balm,0.0
otodar,FINAL_MEDICINE,Mentha spicata,Spearmint,0.0
otodeeeo,INTERMEDIATE,Alcohol extract carrier,Solvent carrier,0.0
otody,INTERMEDIATE,Mentha spicata,Spearmint,0.0
otol,INTERMEDIATE,Melissa officinalis,Lemon balm,0.0
otor,INTERMEDIATE,Mentha spicata,Spearmint,0.0
otseey,INTERMEDIATE,Mentha spicata,Spearmint,0.0
otshedy,BIOLOGICAL_ROOT,Mentha spicata,Spearmint,0.0
otshey,INTERMEDIATE,Mentha spicata,Spearmint,0.0
oty,FINAL_MEDICINE,Achillea millefolium,Yarrow,0.0
otyl,FINAL_MEDICINE,Achillea millefolium,Yarrow,0.0
otylky,INTERMEDIATE,Achillea millefolium,Yarrow,0.0
oy,FINAL_MEDICINE,,,0.0
par,INTERMEDIATE,Mentha spicata,Spearmint,0.0
pchod,FINAL_MEDICINE,,,0.0
qckhedy,BIOLOGICAL_ROOT,Mentha spicata,Spearmint,0.0
qetair,BIOLOGICAL_ROOT,Melissa officinalis,Lemon balm,0.0
qkol,BIOLOGICAL_ROOT,Fermented tincture stage,Tincture intermediate,0.0
qo,FINAL_MEDICINE,Mentha spicata,Spearmint,0.0
qoaiin,INTERMEDIATE,Mentha spicata,Spearmint,0.0
qoair,BIOLOGICAL_ROOT,,,0.0
qoar,BIOLOGICAL_ROOT,,,0.0
qocheey,FINAL_MEDICINE,Papaver somniferum,Opium poppy,0.0
qockhey,INTERMEDIATE,Mentha spicata,Spearmint,0.0
qockhor,BIOLOGICAL_ROOT,Mentha spicata,Spearmint,0.0
qockhy,INTERMEDIATE,Melissa officinalis,Lemon balm,0.0
qodaiin,INTERMEDIATE,Mentha spicata,Spearmint,0.0
qodaim,FINAL_MEDICINE,Mentha spicata,Spearmint,0.0
qodal,BIOLOGICAL_ROOT,,,0.0
qodar,FINAL_MEDICINE,Mentha spicata,Spearmint,0.0
qoeedaiin,INTERMEDIATE,Mentha spicata,Spearmint,0.0
qoeedy,INTERMEDIATE,Hypericum perforatum,St Johns wort,0.0
qoeey,INTERMEDIATE,Fermented tincture stage,Tincture intermediate,0.0
qoek,FINAL_MEDICINE,,,0.0
qoka,BIOLOGICAL_ROOT,Mentha spicata,Spearmint,0.0
qokady,FINAL_MEDICINE,Hypericum perforatum,St Johns wort,0.0
qokai,INTERMEDIATE,Mentha spicata,Spearmint,0.0
qokaiin,INTERMEDIATE,Fermented tincture stage,Tincture intermediate,0.0
qokain,INTERMEDIATE,Fermented tincture stage,Tincture intermediate,0.0
qokair,BIOLOGICAL_ROOT,,,0.0
qokaiy,BIOLOGICAL_ROOT,Mentha spicata,Spearmint,0.0
qokal,INTERMEDIATE,Mentha spicata,Spearmint,0.0
qokaldar,FINAL_MEDICINE,Mentha spicata,Spearmint,0.0
qokaldy,FINAL_MEDICINE,Achillea millefolium,Yarrow,0.0
qokaly,FINAL_MEDICINE,,,0.0
qokan,INTERMEDIATE,Alcohol extract carrier,Solvent carrier,0.0
qokar,INTERMEDIATE,Fermented tincture stage,Tincture intermediate,0.0
qokchdy,INTERMEDIATE,Hypericum perforatum,St Johns wort,0.0
qokchedy,BIOLOGICAL_ROOT,Mentha spicata,Spearmint,0.0
qokcheedy,INTERMEDIATE,Mentha spicata,Spearmint,0.0
qokchey,BIOLOGICAL_ROOT,Mentha spicata,Spearmint,0.0
qokcho,BIOLOGICAL_ROOT,,,0.0
qokchol,INTERMEDIATE,Mentha spicata,Spearmint,0.0
qokchy,INTERMEDIATE,Mentha spicata,Spearmint,0.0
qoke,BIOLOGICAL_ROOT,Mentha spicata,Spearmint,0.0
qokechy,BIOLOGICAL_ROOT,Mentha spicata,Spearmint,0.0
qokedaiin,BIOLOGICAL_ROOT,Melissa officinalis,Lemon balm,0.0
qokedy,INTERMEDIATE,Hypericum perforatum,St Johns wort,0.0
qokeechy,INTERMEDIATE,Mentha spicata,Spearmint,0.0
qokeedal,BIOLOGICAL_ROOT,Humulus lupulus,Hops,0.0
qokeedy,INTERMEDIATE,Mentha spicata,Spearmint,0.0
qokeeedy,INTERMEDIATE,Fermented tincture stage,Tincture intermediate,0.0
qokeees,BIOLOGICAL_ROOT,Mentha spicata,Spearmint,0.0
qokeeey,BIOLOGICAL_ROOT,Fermented tincture stage,Tincture intermediate,0.0
qokeeo,BIOLOGICAL_ROOT,,,0.0
qokeeody,BIOLOGICAL_ROOT,Fermented tincture stage,Tincture intermediate,0.0
qokeeor,BIOLOGICAL_ROOT,Mentha spicata,Spearmint,0.0
qokees,INTERMEDIATE,Mentha spicata,Spearmint,0.0
qokeey,INTERMEDIATE,Alcohol extract carrier,Solvent carrier,0.0
qokeol,BIOLOGICAL_ROOT,Fermented tincture stage,Tincture intermediate,0.0
qokg,FINAL_MEDICINE,Papaver somniferum,Opium poppy,0.0
qoklain,FINAL_MEDICINE,Mentha spicata,Spearmint,0.0
qokm,FINAL_MEDICINE,Papaver somniferum,Opium poppy,0.0
qokoq,FINAL_MEDICINE,Artemisia absinthium,Wormwood,0.0
qokor,FINAL_MEDICINE,Artemisia absinthium,Wormwood,0.0
qokos,FINAL_MEDICINE,Papaver somniferum,Opium poppy,0.0
qoky,INTERMEDIATE,Mentha spicata,Spearmint,0.0
qol,BIOLOGICAL_ROOT,Mentha spicata,Spearmint,0.0
qolkain,FINAL_MEDICINE,Mentha spicata,Spearmint,0.0
qolke,FINAL_MEDICINE,Alcohol extract carrier,Solvent carrier,0.0
qool,BIOLOGICAL_ROOT,Alcohol extract carrier,Solvent carrier,0.0
qooldy,FINAL_MEDICINE,Mentha spicata,Spearmint,0.0
qopcha,BIOLOGICAL_ROOT,Melissa officinalis,Lemon balm,0.0
qopchchs,BIOLOGICAL_ROOT,Melissa officinalis,Lemon balm,0.0
qopchdy,FINAL_MEDICINE,Mentha spicata,Spearmint,0.0
qopcheedy,FINAL_MEDICINE,,,0.0
qopchey,FINAL_MEDICINE,Mentha spicata,Spearmint,0.0
qopol,INTERMEDIATE,Mentha spicata,Spearmint,0.0
qota,FINAL_MEDICINE,Hypericum perforatum,St Johns wort,0.0
qotaiin,INTERMEDIATE,Mentha spicata,Spearmint,0.0
qotaiior,FINAL_MEDICINE,Hypericum perforatum,St Johns wort,0.0
qotal,INTERMEDIATE,Mentha spicata,Spearmint,0.0
qotar,INTERMEDIATE,Mentha spicata,Spearmint,0.0
qotchdal,BIOLOGICAL_ROOT,Mentha spicata,Spearmint,0.0
qotchey,BIOLOGICAL_ROOT,Melissa officinalis,Lemon balm,0.0
qotchol,FINAL_MEDICINE,Mentha spicata,Spearmint,0.0
qotchy,INTERMEDIATE,Mentha spicata,Spearmint,0.0
qotedair,FINAL_MEDICINE,,,0.0
qotedais,FINAL_MEDICINE,,,0.0
qoteedy,BIOLOGICAL_ROOT,Mentha spicata,Spearmint,0.0
qoteeody,BIOLOGICAL_ROOT,Mentha spicata,Spearmint,0.0
qoteeol,FINAL_MEDICINE,Fermented tincture stage,Tincture intermediate,0.0
qoteey,INTERMEDIATE,Fermented tincture stage,Tincture intermediate,0.0
qoteody,INTERMEDIATE,Mentha spicata,Spearmint,0.0
qotl,FINAL_MEDICINE,,,0.0
qoto,FINAL_MEDICINE,Artemisia absinthium,Wormwood,0.0
qotor,FINAL_MEDICINE,Mentha spicata,Spearmint,0.0
qoty,BIOLOGICAL_ROOT,Alcohol extract carrier,Solvent carrier,0.0
qotyl,FINAL_MEDICINE,Melissa officinalis,Lemon balm,0.0
qtaiin,BIOLOGICAL_ROOT,Mentha spicata,Spearmint,0.0
qtam,FINAL_MEDICINE,Melissa officinalis,Lemon balm,0.0
r,INTERMEDIATE,Alcohol extract carrier,Solvent carrier,0.0
raiin,BIOLOGICAL_ROOT,,,0.0
rar,INTERMEDIATE,Mentha spicata,Spearmint,0.0
rn,FINAL_MEDICINE,Mentha spicata,Spearmint,0.0
s,INTERMEDIATE,Mentha spicata,Spearmint,0.0
sai,FINAL_MEDICINE,Mentha spicata,Spearmint,0.0
saiin,INTERMEDIATE,Mentha spicata,Spearmint,0.0
saldam,BIOLOGICAL_ROOT,Mentha spicata,Spearmint,0.0
sar,INTERMEDIATE,Mentha spicata,Spearmint,0.0
sh,INTERMEDIATE,Hypericum perforatum,St Johns wort,0.0
shackhy,BIOLOGICAL_ROOT,Mentha spicata,Spearmint,0.0
shaiin,INTERMEDIATE,Mentha spicata,Spearmint,0.0
shain,FINAL_MEDICINE,Mentha spicata,Spearmint,0.0
shakam,FINAL_MEDICINE,,,0.0
shakom,FINAL_MEDICINE,,,0.0
shal,INTERMEDIATE,Humulus lupulus,Hops,0.0
shar,BIOLOGICAL_ROOT,Alcohol extract carrier,Solvent carrier,0.0
shcfhor,BIOLOGICAL_ROOT,,,0.0
shckh,FINAL_MEDICINE,Mentha spicata,Spearmint,0.0
shckhcfhy,FINAL_MEDICINE,Mentha spicata,Spearmint,0.0
shckhedy,INTERMEDIATE,Mentha spicata,Spearmint,0.0
shckhey,INTERMEDIATE,Mentha spicata,Spearmint,0.0
shckhor,BIOLOGICAL_ROOT,,,0.0
shckhshe,BIOLOGICAL_ROOT,Achillea millefolium,Yarrow,0.0
shckhy,INTERMEDIATE,Mentha spicata,Spearmint,0.0
shcthey,FINAL_MEDICINE,Mentha spicata,Spearmint,0.0
shcthy,INTERMEDIATE,Mentha spicata,Spearmint,0.0
shdy,BIOLOGICAL_ROOT,Mentha spicata,Spearmint,0.0
she,INTERMEDIATE,Mentha spicata,Spearmint,0.0
shea,INTERMEDIATE,Mentha spicata,Spearmint,0.0
sheaiin,INTERMEDIATE,Mentha spicata,Spearmint,0.0
sheal,BIOLOGICAL_ROOT,Mentha spicata,Spearmint,0.0
shear,INTERMEDIATE,Mentha spicata,Spearmint,0.0
shechy,BIOLOGICAL_ROOT,Artemisia absinthium,Wormwood,0.0
sheckhy,INTERMEDIATE,Achillea millefolium,Yarrow,0.0
shed,INTERMEDIATE,Hypericum perforatum,St Johns wort,0.0
shedaiin,INTERMEDIATE,Alcohol extract carrier,Solvent carrier,0.0
shedl,FINAL_MEDICINE,,,0.0
shedy,INTERMEDIATE,Mentha spicata,Spearmint,0.0
shee,FINAL_MEDICINE,Mentha spicata,Spearmint,0.0
sheed,BIOLOGICAL_ROOT,Mentha spicata,Spearmint,0.0
sheedy,INTERMEDIATE,Hypericum perforatum,St Johns wort,0.0
sheek,FINAL_MEDICINE,Mentha spicata,Spearmint,0.0
sheekchy,BIOLOGICAL_ROOT,,,0.0
sheekey,BIOLOGICAL_ROOT,,,0.0
sheeky,INTERMEDIATE,Mentha spicata,Spearmint,0.0
sheeol,BIOLOGICAL_ROOT,Mentha spicata,Spearmint,0.0
sheeor,BIOLOGICAL_ROOT,Alcohol extract carrier,Solvent carrier,0.0
sheet,FINAL_MEDICINE,Mentha spicata,Spearmint,0.0
sheety,INTERMEDIATE,Mentha spicata,Spearmint,0.0
sheey,INTERMEDIATE,Hypericum perforatum,St Johns wort,0.0
shek,INTERMEDIATE,Achillea millefolium,Yarrow,0.0
shekai,BIOLOGICAL_ROOT,Humulus lupulus,Hops,0.0
shekaiin,INTERMEDIATE,Melissa officinalis,Lemon balm,0.0
shekeod,BIOLOGICAL_ROOT,Mentha spicata,Spearmint,0.0
shekey,BIOLOGICAL_ROOT,Fermented tincture stage,Tincture intermediate,0.0
sheky,INTERMEDIATE,Fermented tincture stage,Tincture intermediate,0.0
sheo,INTERMEDIATE,Mentha spicata,Spearmint,0.0
sheockhy,BIOLOGICAL_ROOT,Melissa officinalis,Lemon balm,0.0
sheody,INTERMEDIATE,Artemisia absinthium,Wormwood,0.0
sheol,INTERMEDIATE,Melissa officinalis,Lemon balm,0.0
sheor,INTERMEDIATE,Mentha spicata,Spearmint,0.0
shes,INTERMEDIATE,Mentha spicata,Spearmint,0.0
shetar,BIOLOGICAL_ROOT,Mentha spicata,Spearmint,0.0
shety,INTERMEDIATE,Melissa officinalis,Lemon balm,0.0
shey,INTERMEDIATE,Hypericum perforatum,St Johns wort,0.0
sheyk,BIOLOGICAL_ROOT,Mentha spicata,Spearmint,0.0
sheyky,FINAL_MEDICINE,Mentha spicata,Spearmint,0.0
shk,FINAL_MEDICINE,Hypericum perforatum,St Johns wort,0.0
shkal,BIOLOGICAL_ROOT,Mentha spicata,Spearmint,0.0
shkar,INTERMEDIATE,Achillea millefolium,Yarrow,0.0
shkchedy,BIOLOGICAL_ROOT,Artemisia absinthium,Wormwood,0.0
shkechy,FINAL_MEDICINE,Hypericum perforatum,St Johns wort,0.0
shkeedy,BIOLOGICAL_ROOT,Achillea millefolium,Yarrow,0.0
shky,FINAL_MEDICINE,,,0.0
shl,BIOLOGICAL_ROOT,Mentha spicata,Spearmint,0.0
sho,INTERMEDIATE,Mentha spicata,Spearmint,0.0
shoaiin,BIOLOGICAL_ROOT,Valeriana officinalis,Valerian root,0.0
shockhy,FINAL_MEDICINE,Mentha spicata,Spearmint,0.0
shoda,BIOLOGICAL_ROOT,Papaver somniferum,Opium poppy,0.0
shody,INTERMEDIATE,Achillea millefolium,Yarrow,0.0
shoekey,FINAL_MEDICINE,Mentha spicata,Spearmint,0.0
shoikhy,FINAL_MEDICINE,Mentha spicata,Spearmint,0.0
shok,INTERMEDIATE,Mentha spicata,Spearmint,0.0
shokaiin,INTERMEDIATE,Humulus lupulus,Hops,0.0
shokog,FINAL_MEDICINE,,,0.0
shol,INTERMEDIATE,Humulus lupulus,Hops,0.0
sholy,BIOLOGICAL_ROOT,,,0.0
shor,INTERMEDIATE,Mentha spicata,Spearmint,0.0
shtchy,FINAL_MEDICINE,Humulus lupulus,Hops,0.0
shy,INTERMEDIATE,Melissa officinalis,Lemon balm,0.0
shypchedy,BIOLOGICAL_ROOT,Mentha spicata,Spearmint,0.0
sol,BIOLOGICAL_ROOT,,,0.0
sy,FINAL_MEDICINE,Melissa officinalis,Lemon balm,0.0
taiin,BIOLOGICAL_ROOT,Mentha spicata,Spearmint,0.0
tair,BIOLOGICAL_ROOT,Achillea millefolium,Yarrow,0.0
tchar,FINAL_MEDICINE,Melissa officinalis,Lemon balm,0.0
tchedy,FINAL_MEDICINE,Mentha spicata,Spearmint,0.0
teeedy,FINAL_MEDICINE,Achillea millefolium,Yarrow,0.0
teey,INTERMEDIATE,Mentha spicata,Spearmint,0.0
teodaiin,BIOLOGICAL_ROOT,Mentha spicata,Spearmint,0.0
tey,BIOLOGICAL_ROOT,Melissa officinalis,Lemon balm,0.0
tshes,FINAL_MEDICINE,Melissa officinalis,Lemon balm,0.0
y,INTERMEDIATE,Mentha spicata,Spearmint,0.0
yal,BIOLOGICAL_ROOT,,,0.0
ych,BIOLOGICAL_ROOT,Melissa officinalis,Lemon balm,0.0
ychar,BIOLOGICAL_ROOT,Artemisia absinthium,Wormwood,0.0
ychdy,FINAL_MEDICINE,Mentha spicata,Spearmint,0.0
ychea,BIOLOGICAL_ROOT,Papaver somniferum,Opium poppy,0.0
ycheas,BIOLOGICAL_ROOT,Papaver somniferum,Opium poppy,0.0
ychedy,BIOLOGICAL_ROOT,Fermented tincture stage,Tincture intermediate,0.0
ycheedy,FINAL_MEDICINE,Mentha spicata,Spearmint,0.0
ychey,BIOLOGICAL_ROOT,Mentha spicata,Spearmint,0.0
yd,FINAL_MEDICINE,,,0.0
ydain,BIOLOGICAL_ROOT,Hypericum perforatum,St Johns wort,0.0
ydal,INTERMEDIATE,Alcohol extract carrier,Solvent carrier,0.0
ydy,INTERMEDIATE,Alcohol extract carrier,Solvent carrier,0.0
yfolaiin,FINAL_MEDICINE,Mentha spicata,Spearmint,0.0
ykai,BIOLOGICAL_ROOT,Mentha spicata,Spearmint,0.0
ykaiin,INTERMEDIATE,Mentha spicata,Spearmint,0.0
ykain,INTERMEDIATE,Mentha spicata,Spearmint,0.0
ykair,INTERMEDIATE,Mentha spicata,Spearmint,0.0
ykal,FINAL_MEDICINE,Mentha spicata,Spearmint,0.0
ykaly,INTERMEDIATE,Mentha spicata,Spearmint,0.0
ykam,FINAL_MEDICINE,Mentha spicata,Spearmint,0.0
ykar,FINAL_MEDICINE,Mentha spicata,Spearmint,0.0
ykchol,BIOLOGICAL_ROOT,Papaver somniferum,Opium poppy,0.0
ykedy,FINAL_MEDICINE,Humulus lupulus,Hops,0.0
ykeedy,BIOLOGICAL_ROOT,Mentha spicata,Spearmint,0.0
ykeeeady,BIOLOGICAL_ROOT,Alcohol extract carrier,Solvent carrier,0.0
ykeeedy,FINAL_MEDICINE,Mentha spicata,Spearmint,0.0
ykeeeody,BIOLOGICAL_ROOT,Alcohol extract carrier,Solvent carrier,0.0
ykeeo,INTERMEDIATE,Melissa officinalis,Lemon balm,0.0
ykeeol,INTERMEDIATE,Mentha spicata,Spearmint,0.0
ykeeoly,BIOLOGICAL_ROOT,Mentha spicata,Spearmint,0.0
ykeey,INTERMEDIATE,Mentha spicata,Spearmint,0.0
ykeeykeey,BIOLOGICAL_ROOT,,,0.0
ykeo,BIOLOGICAL_ROOT,Mentha spicata,Spearmint,0.0
ykeoa,FINAL_MEDICINE,Papaver somniferum,Opium poppy,0.0
ykeod,INTERMEDIATE,Mentha spicata,Spearmint,0.0
ykeoda,INTERMEDIATE,Mentha spicata,Spearmint,0.0
ykeodaiin,BIOLOGICAL_ROOT,Mentha spicata,Spearmint,0.0
ykeody,INTERMEDIATE,Papaver somniferum,Opium poppy,0.0
ykeos,FINAL_MEDICINE,,,0.0
ykodai,BIOLOGICAL_ROOT,Mentha spicata,Spearmint,0.0
ykofar,INTERMEDIATE,Mentha spicata,Spearmint,0.0
ykolody,BIOLOGICAL_ROOT,Mentha spicata,Spearmint,0.0
ykor,INTERMEDIATE,Mentha spicata,Spearmint,0.0
yky,INTERMEDIATE,Mentha spicata,Spearmint,0.0
ylchedar,BIOLOGICAL_ROOT,Alcohol extract carrier,Solvent carrier,0.0
ylchedor,BIOLOGICAL_ROOT,Alcohol extract carrier,Solvent carrier,0.0
ylg,FINAL_MEDICINE,,,0.0
ylkaiin,FINAL_MEDICINE,Hypericum perforatum,St Johns wort,0.0
yly,FINAL_MEDICINE,,,0.0
yochedy,BIOLOGICAL_ROOT,Mentha spicata,Spearmint,0.0
yoeear,BIOLOGICAL_ROOT,,,0.0
yol,BIOLOGICAL_ROOT,Mentha spicata,Spearmint,0.0
yols,FINAL_MEDICINE,Hypericum perforatum,St Johns wort,0.0
ypchedy,FINAL_MEDICINE,Mentha spicata,Spearmint,0.0
ypcholy,BIOLOGICAL_ROOT,Mentha spicata,Spearmint,0.0
yqokaly,FINAL_MEDICINE,,,0.0
yrshey,INTERMEDIATE,Achillea millefolium,Yarrow,0.0
yta,FINAL_MEDICINE,Mentha spicata,Spearmint,0.0
ytai,INTERMEDIATE,Mentha spicata,Spearmint,0.0
ytaii,FINAL_MEDICINE,Mentha spicata,Spearmint,0.0
ytaiin,INTERMEDIATE,Mentha spicata,Spearmint,0.0
ytaiinm,FINAL_MEDICINE,Alcohol extract carrier,Solvent carrier,0.0
ytaly,BIOLOGICAL_ROOT,Mentha spicata,Spearmint,0.0
ytam,FINAL_MEDICINE,Mentha spicata,Spearmint,0.0
ytar,BIOLOGICAL_ROOT,Mentha spicata,Spearmint,0.0
ytary,FINAL_MEDICINE,Alcohol extract carrier,Solvent carrier,0.0
ytchdy,BIOLOGICAL_ROOT,Mentha spicata,Spearmint,0.0
yteal,FINAL_MEDICINE,Melissa officinalis,Lemon balm,0.0
ytechy,INTERMEDIATE,Hypericum perforatum,St Johns wort,0.0
ytedy,FINAL_MEDICINE,Mentha spicata,Spearmint,0.0
yteedy,INTERMEDIATE,Mentha spicata,Spearmint,0.0
yteeeor,FINAL_MEDICINE,Mentha spicata,Spearmint,0.0
yteeey,INTERMEDIATE,Hypericum perforatum,St Johns wort,0.0
yteeody,BIOLOGICAL_ROOT,Melissa officinalis,Lemon balm,0.0
yteey,INTERMEDIATE,Mentha spicata,Spearmint,0.0
ytey,FINAL_MEDICINE,Mentha spicata,Spearmint,0.0
ytodaiin,FINAL_MEDICINE,Fermented tincture stage,Tincture intermediate,0.0
ytody,FINAL_MEDICINE,Mentha spicata,Spearmint,0.0
ytol,FINAL_MEDICINE,Mentha spicata,Spearmint,0.0
ytor,BIOLOGICAL_ROOT,,,0.0
ytoy,FINAL_MEDICINE,Mentha spicata,Spearmint,0.0
