voynich_token,latin_identity,preparation_state,astro_timing,operation_type
a,Mentha spicata,processed,,BIOLOGICAL
ackhedy,,isolated_component,,PREPARATION
acthedy,,isolated_component,,PREPARATION
adaiin,,isolated_component,,PREPARATION
adeeody,,isolated_component,,PREPARATION
aekeeey,Mentha spicata,raw,,BIOLOGICAL
aekeey,,isolated_component,,PREPARATION
aiidy,Mentha spicata,compound_final,,BIOLOGICAL
aiily,,isolated_component,,PREPARATION
aiin,Achillea millefolium,processed_extract,,BIOLOGICAL
aiir,,isolated_component,,PREPARATION
aiiral,Mentha spicata,compound_final,,BIOLOGICAL
aiirody,,isolated_component,,PREPARATION
aim,Achillea millefolium,compound_final,,BIOLOGICAL
ain,Mentha spicata,processed,,BIOLOGICAL
aindy,Mentha spicata,compound_final,,BIOLOGICAL
ainly,Fermented tincture stage,fermented,,BIOLOGICAL
ainn,Mentha spicata,compound_final,,BIOLOGICAL
air,Mentha spicata,processed,,BIOLOGICAL
airal,Melissa officinalis,compound_final,,BIOLOGICAL
ajeeody,,isolated_component,,PREPARATION
akar,Alcohol extract carrier,alcohol_extract,,BIOLOGICAL
akeey,Melissa officinalis,raw,,BIOLOGICAL
aky,Mentha spicata,compound_final,,BIOLOGICAL
al,Melissa officinalis,processed,,BIOLOGICAL
alai,,isolated_component,,PREPARATION
alaiin,Mentha spicata,compound_final,,BIOLOGICAL
alaldy,,isolated_component,,PREPARATION
alam,Mentha spicata,compound_final,,BIOLOGICAL
alar,,isolated_component,,PREPARATION
aldy,Mentha spicata,compound_final,,BIOLOGICAL
alg,,isolated_component,,PREPARATION
alka,,isolated_component,,PREPARATION
alkai,Alcohol extract carrier,alcohol_extract,,BIOLOGICAL
alkaiin,Mentha spicata,processed_extract,,BIOLOGICAL
alkain,,isolated_component,,PREPARATION
alkchdy,Mentha spicata,raw,,BIOLOGICAL
alm,Mentha spicata,compound_final,,BIOLOGICAL
alo,Mentha spicata,processed,,BIOLOGICAL
alol,Hypericum perforatum,oil_extract,,BIOLOGICAL
alom,Achillea millefolium,compound_final,,BIOLOGICAL
alor,,isolated_component,,PREPARATION
als,Fermented tincture stage,fermented,,BIOLOGICAL
alsar,Hypericum perforatum,processed,,BIOLOGICAL
aly,Achillea millefolium,compound_final,,BIOLOGICAL
am,Melissa officinalis,compound_final,,BIOLOGICAL
an,Melissa officinalis,compound_final,,BIOLOGICAL
aol,,isolated_component,,PREPARATION
ar,Achillea millefolium,processed,,BIOLOGICAL
araiin,Mentha spicata,compound_final,,BIOLOGICAL
aral,Achillea millefolium,processed,,BIOLOGICAL
aram,,compound_final,,PREPARATION
araral,Mentha spicata,compound_final,,BIOLOGICAL
araram,,compound_final,,PREPARATION
arary,,processed,,PREPARATION
archeol,,isolated_component,,PREPARATION
arodam,,isolated_component,,PREPARATION
arody,Mentha spicata,compound_final,,BIOLOGICAL
arol,Achillea millefolium,raw,,BIOLOGICAL
aroteey,,isolated_component,,PREPARATION
ary,,compound_final,,PREPARATION
as,Hypericum perforatum,compound_final,,BIOLOGICAL
asody,,isolated_component,,PREPARATION
atol,,isolated_component,,PREPARATION
c,Mentha spicata,raw,,BIOLOGICAL
cfhal,Mentha spicata,raw,,BIOLOGICAL
cfheey,,isolated_component,,PREPARATION
cfhol,Mentha spicata,raw,,BIOLOGICAL
cfhy,,isolated_component,,PREPARATION
ch,Fermented tincture stage,fermented,,BIOLOGICAL
cha,Mentha spicata,processed,,BIOLOGICAL
chady,Fermented tincture stage,fermented,,BIOLOGICAL
chaer,,isolated_component,,PREPARATION
chai,Hypericum perforatum,compound_final,,BIOLOGICAL
chaii,,isolated_component,,PREPARATION
chaiiin,,isolated_component,,PREPARATION
chaiin,Hypericum perforatum,processed_extract,,BIOLOGICAL
chain,,isolated_component,,PREPARATION
chal,Mentha spicata,processed,,BIOLOGICAL
chalaly,Mentha spicata,compound_final,,BIOLOGICAL
chaly,Melissa officinalis,raw,,BIOLOGICAL
cham,,isolated_component,,PREPARATION
chan,,isolated_component,,PREPARATION
char,Achillea millefolium,processed,,BIOLOGICAL
charaiin,,isolated_component,,PREPARATION
chary,Humulus lupulus,compound_final,,BIOLOGICAL
chataiin,Achillea millefolium,compound_final,,BIOLOGICAL
chatal,,isolated_component,,PREPARATION
chcfhey,Mentha spicata,compound_final,,BIOLOGICAL
chcfhy,Artemisia absinthium,compound_final,,BIOLOGICAL
chckh,Mentha spicata,processed,,BIOLOGICAL
chckhaiin,Mentha spicata,raw,,BIOLOGICAL
chckhair,Alcohol extract carrier,alcohol_extract,,BIOLOGICAL
chckhal,Hypericum perforatum,compound_final,,BIOLOGICAL
chckhchy,Mentha spicata,compound_final,,BIOLOGICAL
chckhdy,Mentha spicata,processed,,BIOLOGICAL
chckhedy,Mentha spicata,processed,,BIOLOGICAL
chckheed,Achillea millefolium,compound_final,,BIOLOGICAL
chckhey,Mentha spicata,processed,,BIOLOGICAL
chckhhy,,isolated_component,,PREPARATION
chckhoda,Mentha spicata,compound_final,,BIOLOGICAL
chckhody,Mentha spicata,compound_final,,BIOLOGICAL
chckhol,Alcohol extract carrier,alcohol_extract,,BIOLOGICAL
chckhom,Alcohol extract carrier,alcohol_extract,,BIOLOGICAL
chckhy,Humulus lupulus,processed,,BIOLOGICAL
chcph,,isolated_component,,PREPARATION
chcphdy,,isolated_component,,PREPARATION
chcphedy,,isolated_component,,PREPARATION
chcphey,,isolated_component,,PREPARATION
chcphy,Artemisia absinthium,processed,,BIOLOGICAL
chcpy,,isolated_component,,PREPARATION
chcth,Humulus lupulus,compound_final,,BIOLOGICAL
chcthar,Mentha spicata,processed,,BIOLOGICAL
chcthd,Alcohol extract carrier,alcohol_extract,,BIOLOGICAL
chcthdy,Mentha spicata,compound_final,,BIOLOGICAL
chcthe,,isolated_component,,PREPARATION
chcthed,Papaver somniferum,raw,,BIOLOGICAL
chcthedy,,isolated_component,,PREPARATION
chcthey,Melissa officinalis,raw,,BIOLOGICAL
chcthhy,,isolated_component,,PREPARATION
chcthihy,,isolated_component,,PREPARATION
chcthoy,Mentha spicata,raw,,BIOLOGICAL
chcthy,Mentha spicata,processed,,BIOLOGICAL
chda,,isolated_component,,PREPARATION
chdai,Fermented tincture stage,fermented,,BIOLOGICAL
chdaiin,Fermented tincture stage,fermented,,BIOLOGICAL
chdal,Mentha spicata,processed,,BIOLOGICAL
chdaldy,Hypericum perforatum,compound_final,,BIOLOGICAL
chdar,Mentha spicata,compound_final,,BIOLOGICAL
chdedy,Mentha spicata,raw,,BIOLOGICAL
chdl,Mentha spicata,raw,,BIOLOGICAL
chdlcty,Mentha spicata,raw,,BIOLOGICAL
chdlety,Mentha spicata,raw,,BIOLOGICAL
chdolaiin,Mentha spicata,compound_final,,BIOLOGICAL
chdy,Mentha spicata,processed,,BIOLOGICAL
che,Mentha spicata,processed,,BIOLOGICAL
chea,Mentha spicata,compound_final,,BIOLOGICAL
cheaiin,Mentha spicata,raw,,BIOLOGICAL
cheakaiin,Mentha spicata,processed_extract,,BIOLOGICAL
cheaky,Melissa officinalis,raw,,BIOLOGICAL
cheal,Mentha spicata,processed,,BIOLOGICAL
chealy,Mentha spicata,compound_final,,BIOLOGICAL
cheam,Achillea millefolium,compound_final,,BIOLOGICAL
cheamy,Mentha spicata,compound_final,,BIOLOGICAL
chean,,isolated_component,,PREPARATION
chear,Mentha spicata,processed,,BIOLOGICAL
chechey,Achillea millefolium,raw,,BIOLOGICAL
chechy,,isolated_component,,PREPARATION
checkhey,Mentha spicata,raw,,BIOLOGICAL
checkhy,Alcohol extract carrier,alcohol_extract,,BIOLOGICAL
checthal,Humulus lupulus,raw,,BIOLOGICAL
checthedy,,isolated_component,,PREPARATION
checthey,,compound_final,,PREPARATION
checthy,Fermented tincture stage,fermented,,BIOLOGICAL
ched,Mentha spicata,processed,,BIOLOGICAL
cheda,Fermented tincture stage,fermented,,BIOLOGICAL
chedai,Mentha spicata,compound_final,,BIOLOGICAL
chedaii,Melissa officinalis,compound_final,,BIOLOGICAL
chedaiiin,Melissa officinalis,compound_final,,BIOLOGICAL
chedaiin,Mentha spicata,processed_extract,,BIOLOGICAL
chedal,Melissa officinalis,processed,,BIOLOGICAL
chedalor,,isolated_component,,PREPARATION
chedalos,,isolated_component,,PREPARATION
chedam,Alcohol extract carrier,alcohol_extract,,BIOLOGICAL
chedar,Achillea millefolium,processed,,BIOLOGICAL
chedas,,isolated_component,,PREPARATION
chedky,,compound_final,,PREPARATION
chedol,,isolated_component,,PREPARATION
chedor,Mentha spicata,compound_final,,BIOLOGICAL
chedy,Mentha spicata,processed,,BIOLOGICAL
chee,Mentha spicata,processed,,BIOLOGICAL
cheeal,Mentha spicata,raw,,BIOLOGICAL
cheedai,Alcohol extract carrier,alcohol_extract,,BIOLOGICAL
cheedaiin,Alcohol extract carrier,alcohol_extract,,BIOLOGICAL
cheedar,Mentha spicata,raw,,BIOLOGICAL
cheedy,Mentha spicata,processed,,BIOLOGICAL
cheeee,Mentha spicata,raw,,BIOLOGICAL
cheeeo,Mentha spicata,raw,,BIOLOGICAL
cheeey,Mentha spicata,raw,,BIOLOGICAL
cheeir,Mentha spicata,raw,,BIOLOGICAL
cheek,Mentha spicata,compound_final,,BIOLOGICAL
cheekai,Mentha spicata,compound_final,,BIOLOGICAL
cheekaiin,Mentha spicata,compound_final,,BIOLOGICAL
cheekey,,processed,,PREPARATION
cheeky,Mentha spicata,processed,,BIOLOGICAL
cheeo,,isolated_component,,PREPARATION
cheeody,Melissa officinalis,processed,,BIOLOGICAL
cheeokeey,Alcohol extract carrier,alcohol_extract,,BIOLOGICAL
cheeol,Melissa officinalis,raw,,BIOLOGICAL
cheeoldy,Alcohol extract carrier,alcohol_extract,,BIOLOGICAL
cheeos,Mentha spicata,raw,,BIOLOGICAL
chees,Melissa officinalis,processed,,BIOLOGICAL
cheetar,Achillea millefolium,processed,,BIOLOGICAL
cheeteey,Achillea millefolium,raw,,BIOLOGICAL
cheety,,isolated_component,,PREPARATION
cheey,Mentha spicata,processed,,BIOLOGICAL
chefain,,isolated_component,,PREPARATION
chefchdy,,isolated_component,,PREPARATION
chefoly,,isolated_component,,PREPARATION
chefy,,isolated_component,,PREPARATION
cheir,,isolated_component,,PREPARATION
cheis,,compound_final,,PREPARATION
chek,Mentha spicata,compound_final,,BIOLOGICAL
chekai,Melissa officinalis,processed,,BIOLOGICAL
chekaiin,Melissa officinalis,processed_extract,,BIOLOGICAL
chekaim,Melissa officinalis,compound_final,,BIOLOGICAL
chekaithhy,Alcohol extract carrier,alcohol_extract,,BIOLOGICAL
chekal,Alcohol extract carrier,alcohol_extract,,BIOLOGICAL
chekar,Mentha spicata,raw,,BIOLOGICAL
chekeek,Melissa officinalis,raw,,BIOLOGICAL
chekeey,,isolated_component,,PREPARATION
chekey,Mentha spicata,processed,,BIOLOGICAL
chekody,Mentha spicata,raw,,BIOLOGICAL
cheky,Mentha spicata,processed,,BIOLOGICAL
chelal,Mentha spicata,processed,,BIOLOGICAL
chelaly,,isolated_component,,PREPARATION
cheo,Mentha spicata,processed,,BIOLOGICAL
cheoar,Mentha spicata,processed,,BIOLOGICAL
cheockhedchy,,compound_final,,PREPARATION
cheockhy,Mentha spicata,processed,,BIOLOGICAL
cheocphey,,isolated_component,,PREPARATION
cheocth,,compound_final,,PREPARATION
cheocthey,Alcohol extract carrier,alcohol_extract,,BIOLOGICAL
cheocthy,Mentha spicata,processed,,BIOLOGICAL
cheodai,Papaver somniferum,compound_final,,BIOLOGICAL
cheodaiin,Papaver somniferum,processed_extract,,BIOLOGICAL
cheodal,Mentha spicata,raw,,BIOLOGICAL
cheodam,Fermented tincture stage,fermented,,BIOLOGICAL
cheodar,Melissa officinalis,processed,,BIOLOGICAL
cheody,Mentha spicata,processed,,BIOLOGICAL
cheog,Melissa officinalis,compound_final,,BIOLOGICAL
cheok,Papaver somniferum,raw,,BIOLOGICAL
cheokai,Mentha spicata,compound_final,,BIOLOGICAL
cheokaidy,,isolated_component,,PREPARATION
cheokaiim,,isolated_component,,PREPARATION
cheokaiin,Mentha spicata,processed_extract,,BIOLOGICAL
cheokal,,isolated_component,,PREPARATION
cheokaly,,isolated_component,,PREPARATION
cheokedy,Mentha spicata,compound_final,,BIOLOGICAL
cheokeos,,isolated_component,,PREPARATION
cheokey,Fermented tincture stage,fermented,,BIOLOGICAL
cheoky,Melissa officinalis,raw,,BIOLOGICAL
cheokyl,Fermented tincture stage,fermented,,BIOLOGICAL
cheol,Fermented tincture stage,fermented,,BIOLOGICAL
cheolor,Mentha spicata,raw,,BIOLOGICAL
cheom,Achillea millefolium,compound_final,,BIOLOGICAL
cheop,,isolated_component,,PREPARATION
cheopy,Mentha spicata,compound_final,,BIOLOGICAL
cheor,Mentha spicata,refined_extract,,BIOLOGICAL
cheos,Mentha spicata,processed,,BIOLOGICAL
cheot,Mentha spicata,raw,,BIOLOGICAL
cheotaiin,,isolated_component,,PREPARATION
cheotar,,isolated_component,,PREPARATION
cheotchey,Humulus lupulus,raw,,BIOLOGICAL
cheoty,Mentha spicata,processed,,BIOLOGICAL
cheoy,,isolated_component,,PREPARATION
chep,Fermented tincture stage,fermented,,BIOLOGICAL
chepar,Mentha spicata,processed,,BIOLOGICAL
chepchar,,isolated_component,,PREPARATION
chepy,Mentha spicata,compound_final,,BIOLOGICAL
cher,Hypericum perforatum,compound_final,,BIOLOGICAL
ches,Melissa officinalis,processed,,BIOLOGICAL
chetam,,isolated_component,,PREPARATION
chetar,Mentha spicata,raw,,BIOLOGICAL
chetchody,,isolated_component,,PREPARATION
chetey,Melissa officinalis,processed,,BIOLOGICAL
chety,Alcohol extract carrier,alcohol_extract,,BIOLOGICAL
chey,Melissa officinalis,processed,,BIOLOGICAL
chf,,isolated_component,,PREPARATION
chieir,Mentha spicata,raw,,BIOLOGICAL
chk,Mentha spicata,raw,,BIOLOGICAL
chka,Alcohol extract carrier,alcohol_extract,,BIOLOGICAL
chkag,,isolated_component,,PREPARATION
chkai,Artemisia absinthium,processed,,BIOLOGICAL
chkaiin,Artemisia absinthium,processed_extract,,BIOLOGICAL
chkal,Mentha spicata,processed,,BIOLOGICAL
chkaly,Mentha spicata,processed,,BIOLOGICAL
chkam,Fermented tincture stage,fermented,,BIOLOGICAL
chkar,Alcohol extract carrier,alcohol_extract,,BIOLOGICAL
chkchedaram,,isolated_component,,PREPARATION
chkchy,,isolated_component,,PREPARATION
chkeaiin,,isolated_component,,PREPARATION
chkear,,compound_final,,PREPARATION
chkeay,,isolated_component,,PREPARATION
chkedy,,isolated_component,,PREPARATION
chkeeal,Mentha spicata,raw,,BIOLOGICAL
chkeey,Humulus lupulus,raw,,BIOLOGICAL
chkol,,isolated_component,,PREPARATION
chkor,,isolated_component,,PREPARATION
chkshy,Achillea millefolium,raw,,BIOLOGICAL
chky,Mentha spicata,processed,,BIOLOGICAL
chl,Fermented tincture stage,fermented,,BIOLOGICAL
chlai,Fermented tincture stage,fermented,,BIOLOGICAL
chlam,Melissa officinalis,processed,,BIOLOGICAL
chlchpsheey,,isolated_component,,PREPARATION
chll,Melissa officinalis,compound_final,,BIOLOGICAL
cho,Mentha spicata,processed,,BIOLOGICAL
choaiin,Mentha spicata,raw,,BIOLOGICAL
chocfhor,,isolated_component,,PREPARATION
chockh,,isolated_component,,PREPARATION
chockhedy,Mentha spicata,processed,,BIOLOGICAL
chockhey,,isolated_component,,PREPARATION
chockhol,Melissa officinalis,compound_final,,BIOLOGICAL
chocphol,,isolated_component,,PREPARATION
chocthedy,,isolated_component,,PREPARATION
chocthey,,isolated_component,,PREPARATION
chocthy,,compound_final,,PREPARATION
chodaiin,Fermented tincture stage,fermented,,BIOLOGICAL
chodain,,isolated_component,,PREPARATION
chodal,Mentha spicata,compound_final,,BIOLOGICAL
chodar,Humulus lupulus,compound_final,,BIOLOGICAL
choddal,,isolated_component,,PREPARATION
chody,Papaver somniferum,processed,,BIOLOGICAL
choee,,compound_final,,PREPARATION
choeees,,compound_final,,PREPARATION
choety,,isolated_component,,PREPARATION
chokai,Mentha spicata,processed,,BIOLOGICAL
chokaiin,Mentha spicata,processed_extract,,BIOLOGICAL
chokair,Melissa officinalis,compound_final,,BIOLOGICAL
chokar,Melissa officinalis,processed,,BIOLOGICAL
chokchy,,isolated_component,,PREPARATION
chokedy,Mentha spicata,raw,,BIOLOGICAL
chokeey,Mentha spicata,raw,,BIOLOGICAL
chokeor,Mentha spicata,compound_final,,BIOLOGICAL
chokey,,isolated_component,,PREPARATION
chokog,,compound_final,,PREPARATION
choky,Mentha spicata,compound_final,,BIOLOGICAL
chol,Mentha spicata,oil_extract,,BIOLOGICAL
cholal,,isolated_component,,PREPARATION
cholchey,,isolated_component,,PREPARATION
cholety,Mentha spicata,raw,,BIOLOGICAL
cholfchy,,isolated_component,,PREPARATION
cholkaiin,,isolated_component,,PREPARATION
cholkal,Mentha spicata,raw,,BIOLOGICAL
cholkar,,isolated_component,,PREPARATION
cholody,Mentha spicata,compound_final,,BIOLOGICAL
cholxy,Mentha spicata,compound_final,,BIOLOGICAL
choly,Mentha spicata,raw,,BIOLOGICAL
chom,,isolated_component,,PREPARATION
chopchy,Achillea millefolium,raw,,BIOLOGICAL
chopol,Mentha spicata,raw,,BIOLOGICAL
chor,Artemisia absinthium,refined_extract,,BIOLOGICAL
chorain,,compound_final,,PREPARATION
chorar,,isolated_component,,PREPARATION
chorol,,isolated_component,,PREPARATION
choror,,isolated_component,,PREPARATION
chory,Mentha spicata,raw,,BIOLOGICAL
chos,Mentha spicata,raw,,BIOLOGICAL
chosals,Artemisia absinthium,compound_final,,BIOLOGICAL
chosy,,isolated_component,,PREPARATION
chot,Alcohol extract carrier,alcohol_extract,,BIOLOGICAL
chotai,,isolated_component,,PREPARATION
chotaiin,Alcohol extract carrier,alcohol_extract,,BIOLOGICAL
chotal,,isolated_component,,PREPARATION
chotam,Mentha spicata,compound_final,,BIOLOGICAL
chotar,Mentha spicata,processed,,BIOLOGICAL
chotchdy,,isolated_component,,PREPARATION
chotchey,,isolated_component,,PREPARATION
chotchy,,isolated_component,,PREPARATION
choteeey,,isolated_component,,PREPARATION
choteol,,isolated_component,,PREPARATION
choty,Mentha spicata,processed,,BIOLOGICAL
chp,,compound_final,,PREPARATION
chpal,,isolated_component,,PREPARATION
chpchs,Melissa officinalis,raw,,BIOLOGICAL
chpor,,compound_final,,PREPARATION
chs,Achillea millefolium,raw,,BIOLOGICAL
chsd,Mentha spicata,raw,,BIOLOGICAL
chspchdy,,isolated_component,,PREPARATION
chtal,Mentha spicata,processed,,BIOLOGICAL
chtaldy,,isolated_component,,PREPARATION
chtchey,,isolated_component,,PREPARATION
chtchor,Mentha spicata,compound_final,,BIOLOGICAL
chteor,,isolated_component,,PREPARATION
chteos,,isolated_component,,PREPARATION
chtody,Mentha spicata,compound_final,,BIOLOGICAL
chtol,Mentha spicata,raw,,BIOLOGICAL
chty,Mentha spicata,processed,,BIOLOGICAL
chy,Melissa officinalis,processed,,BIOLOGICAL
ck,Hypericum perforatum,raw,,BIOLOGICAL
ckh,,isolated_component,,PREPARATION
ckhain,,isolated_component,,PREPARATION
ckhal,,isolated_component,,PREPARATION
ckham,,isolated_component,,PREPARATION
ckhay,Mentha spicata,processed,,BIOLOGICAL
ckhcho,,isolated_component,,PREPARATION
ckhear,,processed,,PREPARATION
ckhedy,,isolated_component,,PREPARATION
ckheeol,,isolated_component,,PREPARATION
ckheey,Mentha spicata,processed,,BIOLOGICAL
ckheo,Mentha spicata,raw,,BIOLOGICAL
ckheol,Mentha spicata,compound_final,,BIOLOGICAL
ckhey,Mentha spicata,processed,,BIOLOGICAL
ckhochy,,isolated_component,,PREPARATION
ckhol,Mentha spicata,oil_extract,,BIOLOGICAL
ckhor,,isolated_component,,PREPARATION
ckhy,Hypericum perforatum,processed,,BIOLOGICAL
ckhydy,,compound_final,,PREPARATION
cph,,isolated_component,,PREPARATION
cphaildy,,isolated_component,,PREPARATION
cphar,,isolated_component,,PREPARATION
cphchar,,isolated_component,,PREPARATION
cphchedy,,isolated_component,,PREPARATION
cphchor,Mentha spicata,refined_extract,,BIOLOGICAL
cphe,Mentha spicata,processed,,BIOLOGICAL
cphedy,,isolated_component,,PREPARATION
cpheey,Mentha spicata,raw,,BIOLOGICAL
cpheodar,,isolated_component,,PREPARATION
cphey,Alcohol extract carrier,alcohol_extract,,BIOLOGICAL
cphhy,,isolated_component,,PREPARATION
cphoal,Mentha spicata,raw,,BIOLOGICAL
cphocthy,,processed,,PREPARATION
cphol,,isolated_component,,PREPARATION
cphor,,isolated_component,,PREPARATION
cs,Hypericum perforatum,compound_final,,BIOLOGICAL
ct,,isolated_component,,PREPARATION
cth,,isolated_component,,PREPARATION
ctha,,isolated_component,,PREPARATION
cthaiin,,isolated_component,,PREPARATION
cthaildy,,isolated_component,,PREPARATION
cthain,Mentha spicata,compound_final,,BIOLOGICAL
cthal,Mentha spicata,processed,,BIOLOGICAL
ctham,,isolated_component,,PREPARATION
cthan,Mentha spicata,raw,,BIOLOGICAL
cthar,Mentha spicata,compound_final,,BIOLOGICAL
cthedy,Mentha spicata,compound_final,,BIOLOGICAL
ctheey,,isolated_component,,PREPARATION
ctheo,,isolated_component,,PREPARATION
ctheody,Mentha spicata,compound_final,,BIOLOGICAL
ctheol,Fermented tincture stage,fermented,,BIOLOGICAL
cthes,,isolated_component,,PREPARATION
cthey,Valeriana officinalis,processed,,BIOLOGICAL
cthis,,isolated_component,,PREPARATION
cthl,,compound_final,,PREPARATION
ctho,Mentha spicata,processed,,BIOLOGICAL
cthodd,,isolated_component,,PREPARATION
cthody,,isolated_component,,PREPARATION
cthoiin,,isolated_component,,PREPARATION
cthol,Mentha spicata,oil_extract,,BIOLOGICAL
ctholdar,Valeriana officinalis,compound_final,,BIOLOGICAL
ctholdy,,isolated_component,,PREPARATION
ctholy,,isolated_component,,PREPARATION
cthom,Mentha spicata,compound_final,,BIOLOGICAL
cthor,Mentha spicata,refined_extract,,BIOLOGICAL
cthory,,isolated_component,,PREPARATION
cths,,isolated_component,,PREPARATION
cthy,Valeriana officinalis,processed,,BIOLOGICAL
cty,,isolated_component,,PREPARATION
d,Hypericum perforatum,compound_final,,BIOLOGICAL
da,Mentha spicata,compound_final,,BIOLOGICAL
dadam,Melissa officinalis,compound_final,,BIOLOGICAL
dady,,isolated_component,,PREPARATION
dai,Humulus lupulus,processed,,BIOLOGICAL
daii,Mentha spicata,raw,,BIOLOGICAL
daiiin,,isolated_component,,PREPARATION
daiiiny,,isolated_component,,PREPARATION
daiin,Mentha spicata,processed_extract,,BIOLOGICAL
daiinl,,isolated_component,,PREPARATION
daiinol,,isolated_component,,PREPARATION
daiinr,,compound_final,,PREPARATION
daiinym,,isolated_component,,PREPARATION
daiioam,,isolated_component,,PREPARATION
daiir,,isolated_component,,PREPARATION
daikeody,Melissa officinalis,compound_final,,BIOLOGICAL
dail,,compound_final,,PREPARATION
daim,,isolated_component,,PREPARATION
dain,Mentha spicata,stored,,BIOLOGICAL
daind,,isolated_component,,PREPARATION
dainoam,,isolated_component,,PREPARATION
dainr,,isolated_component,,PREPARATION
dair,Mentha spicata,processed,,BIOLOGICAL
dais,Mentha spicata,compound_final,,BIOLOGICAL
dait,,isolated_component,,PREPARATION
daj,Mentha spicata,compound_final,,BIOLOGICAL
dakeey,,compound_final,,PREPARATION
dal,Papaver somniferum,processed,,BIOLOGICAL
dalam,Mentha spicata,compound_final,,BIOLOGICAL
dalchdy,Mentha spicata,raw,,BIOLOGICAL
dalchedy,Mentha spicata,compound_final,,BIOLOGICAL
dalchy,Mentha spicata,raw,,BIOLOGICAL
daldy,Mentha spicata,compound_final,,BIOLOGICAL
dalg,Papaver somniferum,compound_final,,BIOLOGICAL
dalm,,compound_final,,PREPARATION
dalor,Mentha spicata,raw,,BIOLOGICAL
daly,,compound_final,,PREPARATION
dam,Mentha spicata,compound_final,,BIOLOGICAL
dan,,isolated_component,,PREPARATION
dar,Mentha spicata,processed,,BIOLOGICAL
daraj,,isolated_component,,PREPARATION
daram,Mentha spicata,compound_final,,BIOLOGICAL
dardy,,isolated_component,,PREPARATION
dary,,isolated_component,,PREPARATION
das,Mentha spicata,raw,,BIOLOGICAL
day,Alcohol extract carrier,alcohol_extract,,BIOLOGICAL
dchdar,Mentha spicata,processed,,BIOLOGICAL
dchdas,Mentha spicata,processed,,BIOLOGICAL
dchdos,Mentha spicata,processed,,BIOLOGICAL
dcheeady,,isolated_component,,PREPARATION
dcheeody,,isolated_component,,PREPARATION
dcheey,,compound_final,,PREPARATION
dcholdy,,isolated_component,,PREPARATION
dchy,,isolated_component,,PREPARATION
dchydy,,isolated_component,,PREPARATION
dckhey,,compound_final,,PREPARATION
dckhy,Mentha spicata,raw,,BIOLOGICAL
ded,Mentha spicata,compound_final,,BIOLOGICAL
deeam,Mentha spicata,compound_final,,BIOLOGICAL
deeom,Mentha spicata,compound_final,,BIOLOGICAL
deey,,isolated_component,,PREPARATION
deiiin,,isolated_component,,PREPARATION
dg,,isolated_component,,PREPARATION
dkai,,isolated_component,,PREPARATION
dkaiin,,isolated_component,,PREPARATION
dkeiin,,isolated_component,,PREPARATION
dl,Mentha spicata,processed,,BIOLOGICAL
dlar,Mentha spicata,compound_final,,BIOLOGICAL
dlchd,Mentha spicata,compound_final,,BIOLOGICAL
dlchesy,Mentha spicata,processed,,BIOLOGICAL
dlor,Mentha spicata,compound_final,,BIOLOGICAL
dlos,Mentha spicata,compound_final,,BIOLOGICAL
dm,,isolated_component,,PREPARATION
do,,isolated_component,,PREPARATION
doal,,compound_final,,PREPARATION
dochod,,isolated_component,,PREPARATION
dod,Mentha spicata,compound_final,,BIOLOGICAL
dodyd,,isolated_component,,PREPARATION
dokeey,,compound_final,,PREPARATION
dol,Mentha spicata,oil_extract,,BIOLOGICAL
dolcheedy,,isolated_component,,PREPARATION
doly,,isolated_component,,PREPARATION
dom,,isolated_component,,PREPARATION
dor,,isolated_component,,PREPARATION
doraiin,,isolated_component,,PREPARATION
dorody,,isolated_component,,PREPARATION
doroiin,,isolated_component,,PREPARATION
dory,Mentha spicata,raw,,BIOLOGICAL
doty,,isolated_component,,PREPARATION
ds,Papaver somniferum,raw,,BIOLOGICAL
dsheedy,Alcohol extract carrier,alcohol_extract,,BIOLOGICAL
dshey,,compound_final,,PREPARATION
dshy,Melissa officinalis,compound_final,,BIOLOGICAL
dxar,,isolated_component,,PREPARATION
dy,Papaver somniferum,processed,,BIOLOGICAL
dykaiin,,isolated_component,,PREPARATION
dykeor,,isolated_component,,PREPARATION
dyry,,isolated_component,,PREPARATION
dytchy,Mentha spicata,compound_final,,BIOLOGICAL
ealam,,compound_final,,PREPARATION
eckhal,,isolated_component,,PREPARATION
eear,Mentha spicata,raw,,BIOLOGICAL
eeckhy,Humulus lupulus,raw,,BIOLOGICAL
eetees,Mentha spicata,raw,,BIOLOGICAL
ekar,Mentha spicata,processed,,BIOLOGICAL
el,Artemisia absinthium,raw,,BIOLOGICAL
eor,Mentha spicata,raw,,BIOLOGICAL
es,Hypericum perforatum,compound_final,,BIOLOGICAL
etar,Mentha spicata,compound_final,,BIOLOGICAL
eteeys,Mentha spicata,compound_final,,BIOLOGICAL
eteir,,isolated_component,,PREPARATION
ety,,isolated_component,,PREPARATION
etyd,,isolated_component,,PREPARATION
far,Valeriana officinalis,processed,,BIOLOGICAL
fcho,Mentha spicata,raw,,BIOLOGICAL
fchod,,isolated_component,,PREPARATION
g,Valeriana officinalis,compound_final,,BIOLOGICAL
gaiin,,isolated_component,,PREPARATION
i,Hypericum perforatum,raw,,BIOLOGICAL
ihar,,isolated_component,,PREPARATION
iin,,isolated_component,,PREPARATION
ilpchdy,,isolated_component,,PREPARATION
k,Mentha spicata,processed,,BIOLOGICAL
kaiiidal,,isolated_component,,PREPARATION
kaiindal,,isolated_component,,PREPARATION
kair,Melissa officinalis,raw,,BIOLOGICAL
kairy,Mentha spicata,raw,,BIOLOGICAL
kal,,isolated_component,,PREPARATION
kar,Humulus lupulus,processed,,BIOLOGICAL
kchdal,,isolated_component,,PREPARATION
kchey,Melissa officinalis,compound_final,,BIOLOGICAL
kchody,,isolated_component,,PREPARATION
kchol,Mentha spicata,raw,,BIOLOGICAL
kchydy,,isolated_component,,PREPARATION
kedair,,isolated_component,,PREPARATION
keeey,,isolated_component,,PREPARATION
keeody,,isolated_component,,PREPARATION
keeol,Melissa officinalis,compound_final,,BIOLOGICAL
keody,Papaver somniferum,compound_final,,BIOLOGICAL
koiin,Alcohol extract carrier,alcohol_extract,,BIOLOGICAL
kol,,isolated_component,,PREPARATION
koly,Alcohol extract carrier,alcohol_extract,,BIOLOGICAL
ksam,Hypericum perforatum,compound_final,,BIOLOGICAL
kshar,Mentha spicata,compound_final,,BIOLOGICAL
kshd,,isolated_component,,PREPARATION
l,Hypericum perforatum,processed,,BIOLOGICAL
lal,Mentha spicata,processed,,BIOLOGICAL
lam,Mentha spicata,compound_final,,BIOLOGICAL
lchey,Mentha spicata,processed,,BIOLOGICAL
ldy,Mentha spicata,compound_final,,BIOLOGICAL
lkaiin,Mentha spicata,processed_extract,,BIOLOGICAL
lkar,Melissa officinalis,processed,,BIOLOGICAL
lkchedy,,isolated_component,,PREPARATION
lkchey,Mentha spicata,processed,,BIOLOGICAL
lkechy,Mentha spicata,processed,,BIOLOGICAL
lkeechey,Mentha spicata,processed,,BIOLOGICAL
lkeeey,Mentha spicata,processed,,BIOLOGICAL
lkeody,Mentha spicata,processed,,BIOLOGICAL
lkl,Mentha spicata,processed,,BIOLOGICAL
lky,Achillea millefolium,processed,,BIOLOGICAL
lod,Melissa officinalis,compound_final,,BIOLOGICAL
lol,,isolated_component,,PREPARATION
lom,Mentha spicata,compound_final,,BIOLOGICAL
lor,Fermented tincture stage,fermented,,BIOLOGICAL
lrar,Mentha spicata,compound_final,,BIOLOGICAL
ls,Mentha spicata,raw,,BIOLOGICAL
ly,Alcohol extract carrier,alcohol_extract,,BIOLOGICAL
m,Valeriana officinalis,compound_final,,BIOLOGICAL
o,Melissa officinalis,processed,,BIOLOGICAL
oai,Mentha spicata,raw,,BIOLOGICAL
oaiin,,isolated_component,,PREPARATION
oair,,isolated_component,,PREPARATION
oal,,isolated_component,,PREPARATION
oar,Alcohol extract carrier,alcohol_extract,,BIOLOGICAL
ocfhy,,isolated_component,,PREPARATION
ochedaiin,Mentha spicata,raw,,BIOLOGICAL
ocheey,Melissa officinalis,processed,,BIOLOGICAL
oches,Mentha spicata,raw,,BIOLOGICAL
ocholdy,Hypericum perforatum,compound_final,,BIOLOGICAL
ockh,Alcohol extract carrier,alcohol_extract,,BIOLOGICAL
ockhedy,Melissa officinalis,processed,,BIOLOGICAL
ockheody,Alcohol extract carrier,alcohol_extract,,BIOLOGICAL
ockhey,Mentha spicata,compound_final,,BIOLOGICAL
ockhhy,Alcohol extract carrier,alcohol_extract,,BIOLOGICAL
ockhy,Mentha spicata,processed,,BIOLOGICAL
octhair,,isolated_component,,PREPARATION
octhd,Mentha spicata,compound_final,,BIOLOGICAL
octhdy,,isolated_component,,PREPARATION
octhedy,Alcohol extract carrier,alcohol_extract,,BIOLOGICAL
octheol,Alcohol extract carrier,alcohol_extract,,BIOLOGICAL
octhhdy,Alcohol extract carrier,alcohol_extract,,BIOLOGICAL
octhody,Mentha spicata,compound_final,,BIOLOGICAL
octhy,Mentha spicata,processed,,BIOLOGICAL
odai,Mentha spicata,processed,,BIOLOGICAL
odaiin,Mentha spicata,processed_extract,,BIOLOGICAL
odain,,isolated_component,,PREPARATION
odal,,isolated_component,,PREPARATION
odalaly,,isolated_component,,PREPARATION
odaly,Mentha spicata,compound_final,,BIOLOGICAL
odam,,isolated_component,,PREPARATION
odar,Melissa officinalis,processed,,BIOLOGICAL
odeedy,Melissa officinalis,raw,,BIOLOGICAL
odor,,isolated_component,,PREPARATION
ody,Mentha spicata,processed,,BIOLOGICAL
oech,Melissa officinalis,processed,,BIOLOGICAL
oeedaiin,Melissa officinalis,raw,,BIOLOGICAL
oeedy,Mentha spicata,raw,,BIOLOGICAL
oeees,Mentha spicata,raw,,BIOLOGICAL
oeey,Mentha spicata,processed,,BIOLOGICAL
oeiin,Mentha spicata,processed,,BIOLOGICAL
oekeedy,,isolated_component,,PREPARATION
oekeeey,Mentha spicata,raw,,BIOLOGICAL
oekey,,isolated_component,,PREPARATION
ofair,Mentha spicata,processed,,BIOLOGICAL
ofal,,isolated_component,,PREPARATION
ofar,Mentha spicata,raw,,BIOLOGICAL
ofas,Mentha spicata,raw,,BIOLOGICAL
ofchedaiin,Mentha spicata,raw,,BIOLOGICAL
ofchedal,,isolated_component,,PREPARATION
ofchedol,,isolated_component,,PREPARATION
ofcheds,,isolated_component,,PREPARATION
ofchedy,Alcohol extract carrier,alcohol_extract,,BIOLOGICAL
ofchee,Mentha spicata,compound_final,,BIOLOGICAL
ofor,,isolated_component,,PREPARATION
ofy,,isolated_component,,PREPARATION
oiin,Achillea millefolium,raw,,BIOLOGICAL
ok,,isolated_component,,PREPARATION
oka,,isolated_component,,PREPARATION
okacfhey,,isolated_component,,PREPARATION
okaedy,Alcohol extract carrier,alcohol_extract,,BIOLOGICAL
okai,Mentha spicata,processed,,BIOLOGICAL
okaifhhy,,isolated_component,,PREPARATION
okaii,,isolated_component,,PREPARATION
okaiiin,,isolated_component,,PREPARATION
okaiin,Mentha spicata,processed_extract,,BIOLOGICAL
okaildy,Mentha spicata,compound_final,,BIOLOGICAL
okain,Mentha spicata,processed,,BIOLOGICAL
okainiin,,isolated_component,,PREPARATION
okainy,Melissa officinalis,compound_final,,BIOLOGICAL
okair,Mentha spicata,raw,,BIOLOGICAL
okairdy,Mentha spicata,compound_final,,BIOLOGICAL
okairo,,isolated_component,,PREPARATION
okairody,Alcohol extract carrier,alcohol_extract,,BIOLOGICAL
okairy,Mentha spicata,raw,,BIOLOGICAL
okal,Melissa officinalis,processed,,BIOLOGICAL
okalal,Mentha spicata,processed,,BIOLOGICAL
okalchy,,isolated_component,,PREPARATION
okaldy,Mentha spicata,raw,,BIOLOGICAL
okalor,,isolated_component,,PREPARATION
okaly,,compound_final,,PREPARATION
okam,Mentha spicata,compound_final,,BIOLOGICAL
okan,Mentha spicata,compound_final,,BIOLOGICAL
okar,Mentha spicata,processed,,BIOLOGICAL
okarol,Mentha spicata,compound_final,,BIOLOGICAL
okary,Papaver somniferum,compound_final,,BIOLOGICAL
okas,Mentha spicata,compound_final,,BIOLOGICAL
okchd,Mentha spicata,processed,,BIOLOGICAL
okchdam,,isolated_component,,PREPARATION
okchdy,Mentha spicata,processed,,BIOLOGICAL
okchedaiin,,compound_final,,PREPARATION
okchedy,Mentha spicata,compound_final,,BIOLOGICAL
okchees,,isolated_component,,PREPARATION
okchey,Achillea millefolium,processed,,BIOLOGICAL
okcho,Melissa officinalis,compound_final,,BIOLOGICAL
okchody,,isolated_component,,PREPARATION
okchor,Mentha spicata,refined_extract,,BIOLOGICAL
okchy,Mentha spicata,processed,,BIOLOGICAL
oke,Mentha spicata,raw,,BIOLOGICAL
okea,,isolated_component,,PREPARATION
okeady,Mentha spicata,raw,,BIOLOGICAL
okeam,,isolated_component,,PREPARATION
okear,Mentha spicata,compound_final,,BIOLOGICAL
okechdy,Melissa officinalis,raw,,BIOLOGICAL
okechy,,isolated_component,,PREPARATION
okedal,Mentha spicata,processed,,BIOLOGICAL
okedy,Fermented tincture stage,fermented,,BIOLOGICAL
okee,,isolated_component,,PREPARATION
okeeady,,isolated_component,,PREPARATION
okeeal,,isolated_component,,PREPARATION
okeealy,Mentha spicata,raw,,BIOLOGICAL
okeeam,Alcohol extract carrier,alcohol_extract,,BIOLOGICAL
okeear,,isolated_component,,PREPARATION
okeechey,Mentha spicata,compound_final,,BIOLOGICAL
okeed,Mentha spicata,compound_final,,BIOLOGICAL
okeedaky,,isolated_component,,PREPARATION
okeedy,Alcohol extract carrier,alcohol_extract,,BIOLOGICAL
okeeedy,Mentha spicata,raw,,BIOLOGICAL
okeeees,,isolated_component,,PREPARATION
okeeey,,isolated_component,,PREPARATION
okeeo,Mentha spicata,processed,,BIOLOGICAL
okeeody,Achillea millefolium,raw,,BIOLOGICAL
okeeol,Alcohol extract carrier,alcohol_extract,,BIOLOGICAL
okeeor,Mentha spicata,refined_extract,,BIOLOGICAL
okees,,isolated_component,,PREPARATION
okeey,Melissa officinalis,processed,,BIOLOGICAL
okeo,Melissa officinalis,raw,,BIOLOGICAL
okeockhey,Mentha spicata,raw,,BIOLOGICAL
okeod,Mentha spicata,raw,,BIOLOGICAL
okeody,Mentha spicata,raw,,BIOLOGICAL
okeol,Mentha spicata,oil_extract,,BIOLOGICAL
okeoly,Hypericum perforatum,raw,,BIOLOGICAL
okeom,,isolated_component,,PREPARATION
okeor,Mentha spicata,raw,,BIOLOGICAL
okesoe,Mentha spicata,raw,,BIOLOGICAL
okey,Achillea millefolium,processed,,BIOLOGICAL
okeykeey,,processed,,PREPARATION
okeyteey,,processed,,PREPARATION
okiiny,,isolated_component,,PREPARATION
okochey,,isolated_component,,PREPARATION
okody,Mentha spicata,raw,,BIOLOGICAL
okoey,Melissa officinalis,raw,,BIOLOGICAL
okoiin,Mentha spicata,processed,,BIOLOGICAL
okol,Hypericum perforatum,oil_extract,,BIOLOGICAL
okoly,Melissa officinalis,processed,,BIOLOGICAL
okor,Mentha spicata,refined_extract,,BIOLOGICAL
okos,Alcohol extract carrier,alcohol_extract,,BIOLOGICAL
okoy,,isolated_component,,PREPARATION
okshchedy,,isolated_component,,PREPARATION
okshd,,isolated_component,,PREPARATION
okshdy,Hypericum perforatum,raw,,BIOLOGICAL
oksheey,Achillea millefolium,raw,,BIOLOGICAL
okshey,,isolated_component,,PREPARATION
oksho,Mentha spicata,compound_final,,BIOLOGICAL
okshody,Mentha spicata,raw,,BIOLOGICAL
okshor,Mentha spicata,compound_final,,BIOLOGICAL
okshy,,isolated_component,,PREPARATION
okshydy,Mentha spicata,raw,,BIOLOGICAL
oky,Mentha spicata,processed,,BIOLOGICAL
okylor,,isolated_component,,PREPARATION
ol,Alcohol extract carrier,alcohol_extract,,BIOLOGICAL
ola,,isolated_component,,PREPARATION
olackhy,,isolated_component,,PREPARATION
olai,,isolated_component,,PREPARATION
olaiin,Mentha spicata,processed_extract,,BIOLOGICAL
olaiir,Mentha spicata,compound_final,,BIOLOGICAL
olal,Mentha spicata,processed,,BIOLOGICAL
olam,Mentha spicata,compound_final,,BIOLOGICAL
olan,Mentha spicata,raw,,BIOLOGICAL
olar,Mentha spicata,compound_final,,BIOLOGICAL
olch,Melissa officinalis,processed,,BIOLOGICAL
olcham,,isolated_component,,PREPARATION
olchdy,Melissa officinalis,compound_final,,BIOLOGICAL
olchedaiin,Mentha spicata,processed_extract,,BIOLOGICAL
olchedy,,isolated_component,,PREPARATION
olcheees,Mentha spicata,raw,,BIOLOGICAL
olcheeo,Melissa officinalis,raw,,BIOLOGICAL
olcheey,,isolated_component,,PREPARATION
olcheky,Mentha spicata,compound_final,,BIOLOGICAL
olcheol,Mentha spicata,oil_extract,,BIOLOGICAL
olchey,Alcohol extract carrier,alcohol_extract,,BIOLOGICAL
olchy,Mentha spicata,compound_final,,BIOLOGICAL
olcphy,,isolated_component,,PREPARATION
olct,,isolated_component,,PREPARATION
old,,isolated_component,,PREPARATION
oldaiin,Melissa officinalis,processed_extract,,BIOLOGICAL
oldal,,isolated_component,,PREPARATION
oldam,Hypericum perforatum,compound_final,,BIOLOGICAL
oldar,Alcohol extract carrier,alcohol_extract,,BIOLOGICAL
oldy,Papaver somniferum,compound_final,,BIOLOGICAL
oleeedy,Mentha spicata,raw,,BIOLOGICAL
oleeey,,isolated_component,,PREPARATION
olfaiin,Melissa officinalis,compound_final,,BIOLOGICAL
olfar,Alcohol extract carrier,alcohol_extract,,BIOLOGICAL
olfor,Alcohol extract carrier,alcohol_extract,,BIOLOGICAL
olkaey,Mentha spicata,raw,,BIOLOGICAL
olkai,,isolated_component,,PREPARATION
olkaiin,Mentha spicata,processed_extract,,BIOLOGICAL
olkaiir,Fermented tincture stage,fermented,,BIOLOGICAL
olkaim,Humulus lupulus,compound_final,,BIOLOGICAL
olkain,,isolated_component,,PREPARATION
olkal,Mentha spicata,processed,,BIOLOGICAL
olkam,Mentha spicata,compound_final,,BIOLOGICAL
olkar,Mentha spicata,processed,,BIOLOGICAL
olkeal,,isolated_component,,PREPARATION
olkechy,Papaver somniferum,raw,,BIOLOGICAL
olkedy,,compound_final,,PREPARATION
olkeear,,isolated_component,,PREPARATION
olkeechey,,compound_final,,PREPARATION
olkeedy,Melissa officinalis,processed,,BIOLOGICAL
olkeeey,Alcohol extract carrier,alcohol_extract,,BIOLOGICAL
olkeeo,Alcohol extract carrier,alcohol_extract,,BIOLOGICAL
olkeeody,Mentha spicata,raw,,BIOLOGICAL
olkeey,Hypericum perforatum,processed,,BIOLOGICAL
olkeeyr,,isolated_component,,PREPARATION
olkeody,Mentha spicata,processed,,BIOLOGICAL
olkeor,Mentha spicata,raw,,BIOLOGICAL
olkeshar,Mentha spicata,compound_final,,BIOLOGICAL
olkey,,compound_final,,PREPARATION
olky,Melissa officinalis,processed,,BIOLOGICAL
ollchy,,isolated_component,,PREPARATION
olldy,Mentha spicata,compound_final,,BIOLOGICAL
olo,Melissa officinalis,compound_final,,BIOLOGICAL
oloaiin,,isolated_component,,PREPARATION
oloeeedy,Hypericum perforatum,processed,,BIOLOGICAL
oloeeey,,isolated_component,,PREPARATION
oloiin,Mentha spicata,compound_final,,BIOLOGICAL
olol,Mentha spicata,compound_final,,BIOLOGICAL
ololdy,,isolated_component,,PREPARATION
olom,Melissa officinalis,compound_final,,BIOLOGICAL
olor,Alcohol extract carrier,alcohol_extract,,BIOLOGICAL
olpchedy,,isolated_component,,PREPARATION
olpchey,,isolated_component,,PREPARATION
olr,Alcohol extract carrier,alcohol_extract,,BIOLOGICAL
ols,Alcohol extract carrier,alcohol_extract,,BIOLOGICAL
olsaly,,isolated_component,,PREPARATION
olshe,Mentha spicata,raw,,BIOLOGICAL
olshedy,Melissa officinalis,processed,,BIOLOGICAL
olshey,Alcohol extract carrier,alcohol_extract,,BIOLOGICAL
olsho,Hypericum perforatum,raw,,BIOLOGICAL
oltam,,compound_final,,PREPARATION
olteechey,,compound_final,,PREPARATION
olteedy,,isolated_component,,PREPARATION
olteeey,,isolated_component,,PREPARATION
olteody,,isolated_component,,PREPARATION
oly,Mentha spicata,compound_final,,BIOLOGICAL
om,Alcohol extract carrier,alcohol_extract,,BIOLOGICAL
ool,Alcohol extract carrier,alcohol_extract,,BIOLOGICAL
oolals,,isolated_component,,PREPARATION
oor,,isolated_component,,PREPARATION
op,,isolated_component,,PREPARATION
opaichy,,compound_final,,PREPARATION
opaiim,Mentha spicata,compound_final,,BIOLOGICAL
opair,,compound_final,,PREPARATION
opairam,,isolated_component,,PREPARATION
opakam,,compound_final,,PREPARATION
opal,Mentha spicata,compound_final,,BIOLOGICAL
opalor,Melissa officinalis,compound_final,,BIOLOGICAL
opar,Mentha spicata,raw,,BIOLOGICAL
opchal,Fermented tincture stage,fermented,,BIOLOGICAL
opchdy,,isolated_component,,PREPARATION
opchedol,,isolated_component,,PREPARATION
opchedy,Achillea millefolium,raw,,BIOLOGICAL
opchees,,isolated_component,,PREPARATION
opcheol,,compound_final,,PREPARATION
opchey,,isolated_component,,PREPARATION
opchy,,isolated_component,,PREPARATION
opdaiin,,isolated_component,,PREPARATION
opor,Mentha spicata,raw,,BIOLOGICAL
opshol,Achillea millefolium,raw,,BIOLOGICAL
opsholal,,isolated_component,,PREPARATION
opy,,compound_final,,PREPARATION
opydg,,isolated_component,,PREPARATION
opydm,,isolated_component,,PREPARATION
oqockhy,Mentha spicata,compound_final,,BIOLOGICAL
oqol,Mentha spicata,raw,,BIOLOGICAL
or,Mentha spicata,refined_extract,,BIOLOGICAL
ora,Fermented tincture stage,fermented,,BIOLOGICAL
orai,,isolated_component,,PREPARATION
oraiin,Alcohol extract carrier,alcohol_extract,,BIOLOGICAL
oram,,compound_final,,PREPARATION
orar,Alcohol extract carrier,alcohol_extract,,BIOLOGICAL
orcheol,,isolated_component,,PREPARATION
org,,compound_final,,PREPARATION
oriim,Melissa officinalis,compound_final,,BIOLOGICAL
orokeeeey,Mentha spicata,raw,,BIOLOGICAL
orol,Mentha spicata,compound_final,,BIOLOGICAL
orsheoldy,,isolated_component,,PREPARATION
ory,,isolated_component,,PREPARATION
os,Fermented tincture stage,fermented,,BIOLOGICAL
osaiin,Mentha spicata,compound_final,,BIOLOGICAL
ot,Melissa officinalis,compound_final,,BIOLOGICAL
ota,Melissa officinalis,processed,,BIOLOGICAL
otad,Alcohol extract carrier,alcohol_extract,,BIOLOGICAL
otai,Melissa officinalis,processed,,BIOLOGICAL
otaiin,Mentha spicata,processed_extract,,BIOLOGICAL
otail,Alcohol extract carrier,alcohol_extract,,BIOLOGICAL
otaim,Mentha spicata,compound_final,,BIOLOGICAL
otain,Mentha spicata,raw,,BIOLOGICAL
otair,Alcohol extract carrier,alcohol_extract,,BIOLOGICAL
otairody,Alcohol extract carrier,alcohol_extract,,BIOLOGICAL
otaj,,isolated_component,,PREPARATION
otal,Alcohol extract carrier,alcohol_extract,,BIOLOGICAL
otalai,Mentha spicata,processed,,BIOLOGICAL
otalaiin,Mentha spicata,processed_extract,,BIOLOGICAL
otalal,Mentha spicata,compound_final,,BIOLOGICAL
otalar,Melissa officinalis,raw,,BIOLOGICAL
otaldal,Mentha spicata,compound_final,,BIOLOGICAL
otalkai,Mentha spicata,compound_final,,BIOLOGICAL
otalkaiin,Mentha spicata,compound_final,,BIOLOGICAL
otalod,,isolated_component,,PREPARATION
otals,,compound_final,,PREPARATION
otalshdy,Mentha spicata,raw,,BIOLOGICAL
otalsy,,isolated_component,,PREPARATION
otaly,,isolated_component,,PREPARATION
otam,Alcohol extract carrier,alcohol_extract,,BIOLOGICAL
otan,Hypericum perforatum,compound_final,,BIOLOGICAL
otar,Mentha spicata,processed,,BIOLOGICAL
otaral,Mentha spicata,compound_final,,BIOLOGICAL
otaram,Mentha spicata,compound_final,,BIOLOGICAL
otardy,Fermented tincture stage,fermented,,BIOLOGICAL
otariin,Fermented tincture stage,fermented,,BIOLOGICAL
otaro,,isolated_component,,PREPARATION
otary,Alcohol extract carrier,alcohol_extract,,BIOLOGICAL
otas,,isolated_component,,PREPARATION
otchal,,isolated_component,,PREPARATION
otchdy,Alcohol extract carrier,alcohol_extract,,BIOLOGICAL
otchedy,Mentha spicata,processed,,BIOLOGICAL
otcheedy,Mentha spicata,raw,,BIOLOGICAL
otcheochy,Melissa officinalis,compound_final,,BIOLOGICAL
otches,Mentha spicata,raw,,BIOLOGICAL
otchey,Mentha spicata,processed,,BIOLOGICAL
otchl,,isolated_component,,PREPARATION
otchodal,Mentha spicata,raw,,BIOLOGICAL
otchol,Melissa officinalis,compound_final,,BIOLOGICAL
otcholchy,Mentha spicata,raw,,BIOLOGICAL
otchor,Mentha spicata,refined_extract,,BIOLOGICAL
otchy,Mentha spicata,processed,,BIOLOGICAL
ote,Melissa officinalis,processed,,BIOLOGICAL
oteaiin,Melissa officinalis,raw,,BIOLOGICAL
otecheedy,Mentha spicata,processed,,BIOLOGICAL
oted,,isolated_component,,PREPARATION
otedaiin,Alcohol extract carrier,alcohol_extract,,BIOLOGICAL
otedam,,isolated_component,,PREPARATION
otedar,,isolated_component,,PREPARATION
otedas,,compound_final,,PREPARATION
otedy,Alcohol extract carrier,alcohol_extract,,BIOLOGICAL
otee,,compound_final,,PREPARATION
oteeaiin,Mentha spicata,raw,,BIOLOGICAL
oteed,Mentha spicata,processed,,BIOLOGICAL
oteedo,,isolated_component,,PREPARATION
oteedy,Mentha spicata,processed,,BIOLOGICAL
oteee,Melissa officinalis,compound_final,,BIOLOGICAL
oteeen,,isolated_component,,PREPARATION
oteeey,Mentha spicata,compound_final,,BIOLOGICAL
oteeo,Alcohol extract carrier,alcohol_extract,,BIOLOGICAL
oteeoaly,,isolated_component,,PREPARATION
oteeody,,processed,,PREPARATION
oteeor,Mentha spicata,raw,,BIOLOGICAL
oteeosy,,isolated_component,,PREPARATION
oteey,Mentha spicata,processed,,BIOLOGICAL
oteiin,Mentha spicata,compound_final,,BIOLOGICAL
oteo,,isolated_component,,PREPARATION
oteochor,,compound_final,,PREPARATION
oteodaiin,Alcohol extract carrier,alcohol_extract,,BIOLOGICAL
oteodair,Mentha spicata,raw,,BIOLOGICAL
oteodal,,isolated_component,,PREPARATION
oteody,Fermented tincture stage,fermented,,BIOLOGICAL
oteokeey,Mentha spicata,raw,,BIOLOGICAL
oteol,Mentha spicata,oil_extract,,BIOLOGICAL
oteoos,Mentha spicata,compound_final,,BIOLOGICAL
oteor,,isolated_component,,PREPARATION
oteos,Fermented tincture stage,fermented,,BIOLOGICAL
oteoshor,,compound_final,,PREPARATION
oteshy,Melissa officinalis,compound_final,,BIOLOGICAL
otey,Mentha spicata,processed,,BIOLOGICAL
otl,Mentha spicata,compound_final,,BIOLOGICAL
otleey,Mentha spicata,raw,,BIOLOGICAL
oto,Mentha spicata,processed,,BIOLOGICAL
otoam,Melissa officinalis,raw,,BIOLOGICAL
otod,,isolated_component,,PREPARATION
otodar,Mentha spicata,compound_final,,BIOLOGICAL
otodeeeo,Alcohol extract carrier,alcohol_extract,,BIOLOGICAL
otody,Mentha spicata,processed,,BIOLOGICAL
otoeeseor,,isolated_component,,PREPARATION
otoeeshor,,isolated_component,,PREPARATION
otol,Melissa officinalis,oil_extract,,BIOLOGICAL
otolam,,isolated_component,,PREPARATION
otor,Mentha spicata,refined_extract,,BIOLOGICAL
otota,,isolated_component,,PREPARATION
ototo,,isolated_component,,PREPARATION
otseey,Mentha spicata,processed,,BIOLOGICAL
otshdy,,isolated_component,,PREPARATION
otshedy,Mentha spicata,raw,,BIOLOGICAL
otshey,Mentha spicata,processed,,BIOLOGICAL
otshor,,isolated_component,,PREPARATION
oty,Achillea millefolium,compound_final,,BIOLOGICAL
otydd,,isolated_component,,PREPARATION
otykal,,isolated_component,,PREPARATION
otykol,,isolated_component,,PREPARATION
otyl,Achillea millefolium,compound_final,,BIOLOGICAL
otylky,Achillea millefolium,processed,,BIOLOGICAL
otylor,,isolated_component,,PREPARATION
otytchy,,isolated_component,,PREPARATION
oy,,compound_final,,PREPARATION
par,Mentha spicata,processed,,BIOLOGICAL
pcheodar,,isolated_component,,PREPARATION
pchod,,compound_final,,PREPARATION
por,,isolated_component,,PREPARATION
qckhedy,Mentha spicata,raw,,BIOLOGICAL
qetair,Melissa officinalis,raw,,BIOLOGICAL
qgky,,isolated_component,,PREPARATION
qkaiin,,isolated_component,,PREPARATION
qkair,,isolated_component,,PREPARATION
qkeodaiin,,isolated_component,,PREPARATION
qkol,Fermented tincture stage,fermented,,BIOLOGICAL
qo,Mentha spicata,compound_final,,BIOLOGICAL
qoaiin,Mentha spicata,processed_extract,,BIOLOGICAL
qoair,Mentha spicata,raw,,BIOLOGICAL
qoar,Mentha spicata,raw,,BIOLOGICAL
qoche,,isolated_component,,PREPARATION
qocheey,Papaver somniferum,compound_final,,BIOLOGICAL
qockheol,,isolated_component,,PREPARATION
qockhey,Mentha spicata,processed,,BIOLOGICAL
qockhor,Mentha spicata,raw,,BIOLOGICAL
qockhy,Melissa officinalis,processed,,BIOLOGICAL
qodaii,,isolated_component,,PREPARATION
qodaiiin,,isolated_component,,PREPARATION
qodaiin,Mentha spicata,processed_extract,,BIOLOGICAL
qodaim,Mentha spicata,compound_final,,BIOLOGICAL
qodal,Mentha spicata,raw,,BIOLOGICAL
qodar,Mentha spicata,compound_final,,BIOLOGICAL
qoeedaiin,Mentha spicata,processed_extract,,BIOLOGICAL
qoeedy,Hypericum perforatum,processed,,BIOLOGICAL
qoeey,Fermented tincture stage,fermented,,BIOLOGICAL
qoek,,compound_final,,PREPARATION
qoekol,,isolated_component,,PREPARATION
qofchdar,,isolated_component,,PREPARATION
qoiheey,,isolated_component,,PREPARATION
qoka,Mentha spicata,raw,,BIOLOGICAL
qokady,Hypericum perforatum,compound_final,,BIOLOGICAL
qokai,Mentha spicata,processed,,BIOLOGICAL
qokaiiin,,isolated_component,,PREPARATION
qokaiin,Fermented tincture stage,fermented,,BIOLOGICAL
qokain,Fermented tincture stage,fermented,,BIOLOGICAL
qokair,Mentha spicata,raw,,BIOLOGICAL
qokaiy,Mentha spicata,raw,,BIOLOGICAL
qokal,Mentha spicata,processed,,BIOLOGICAL
qokaldar,Mentha spicata,compound_final,,BIOLOGICAL
qokaldy,Achillea millefolium,compound_final,,BIOLOGICAL
qokaly,,compound_final,,PREPARATION
qokam,,isolated_component,,PREPARATION
qokan,Alcohol extract carrier,alcohol_extract,,BIOLOGICAL
qokar,Fermented tincture stage,fermented,,BIOLOGICAL
qokchaiin,,isolated_component,,PREPARATION
qokchdy,Hypericum perforatum,processed,,BIOLOGICAL
qokchedy,Mentha spicata,raw,,BIOLOGICAL
qokcheedy,Mentha spicata,processed,,BIOLOGICAL
qokcheody,,isolated_component,,PREPARATION
qokchey,Mentha spicata,raw,,BIOLOGICAL
qokcho,Mentha spicata,raw,,BIOLOGICAL
qokchol,Mentha spicata,oil_extract,,BIOLOGICAL
qokchy,Mentha spicata,processed,,BIOLOGICAL
qoke,Mentha spicata,raw,,BIOLOGICAL
qokechy,Mentha spicata,raw,,BIOLOGICAL
qokedaiin,Melissa officinalis,raw,,BIOLOGICAL
qokedy,Hypericum perforatum,processed,,BIOLOGICAL
qokeechy,Mentha spicata,processed,,BIOLOGICAL
qokeedal,Humulus lupulus,raw,,BIOLOGICAL
qokeedy,Mentha spicata,processed,,BIOLOGICAL
qokeee,,isolated_component,,PREPARATION
qokeeedy,Fermented tincture stage,fermented,,BIOLOGICAL
qokeeen,,isolated_component,,PREPARATION
qokeees,Mentha spicata,raw,,BIOLOGICAL
qokeeey,Fermented tincture stage,fermented,,BIOLOGICAL
qokeefch,,isolated_component,,PREPARATION
qokeefcy,,isolated_component,,PREPARATION
qokeeo,Mentha spicata,raw,,BIOLOGICAL
qokeeody,Fermented tincture stage,fermented,,BIOLOGICAL
qokeeor,Mentha spicata,raw,,BIOLOGICAL
qokeepey,,isolated_component,,PREPARATION
qokees,Mentha spicata,processed,,BIOLOGICAL
qokeey,Alcohol extract carrier,alcohol_extract,,BIOLOGICAL
qokeoj,,isolated_component,,PREPARATION
qokeol,Fermented tincture stage,fermented,,BIOLOGICAL
qokeom,,isolated_component,,PREPARATION
qokeos,,isolated_component,,PREPARATION
qokg,Papaver somniferum,compound_final,,BIOLOGICAL
qoklain,Mentha spicata,compound_final,,BIOLOGICAL
qokm,Papaver somniferum,compound_final,,BIOLOGICAL
qokod,,isolated_component,,PREPARATION
qokol,,isolated_component,,PREPARATION
qokomo,,isolated_component,,PREPARATION
qokoq,Artemisia absinthium,compound_final,,BIOLOGICAL
qokor,Artemisia absinthium,compound_final,,BIOLOGICAL
qokos,Papaver somniferum,compound_final,,BIOLOGICAL
qokshol,,isolated_component,,PREPARATION
qoky,Mentha spicata,processed,,BIOLOGICAL
qol,Mentha spicata,raw,,BIOLOGICAL
qolar,,isolated_component,,PREPARATION
qolkain,Mentha spicata,compound_final,,BIOLOGICAL
qolke,Alcohol extract carrier,alcohol_extract,,BIOLOGICAL
qool,Alcohol extract carrier,alcohol_extract,,BIOLOGICAL
qooldy,Mentha spicata,compound_final,,BIOLOGICAL
qopcha,Melissa officinalis,raw,,BIOLOGICAL
qopchchs,Melissa officinalis,raw,,BIOLOGICAL
qopchdy,Mentha spicata,compound_final,,BIOLOGICAL
qopcheedy,,compound_final,,PREPARATION
qopchey,Mentha spicata,compound_final,,BIOLOGICAL
qopchor,,isolated_component,,PREPARATION
qopchy,,isolated_component,,PREPARATION
qopchypcho,,isolated_component,,PREPARATION
qopol,Mentha spicata,oil_extract,,BIOLOGICAL
qor,,isolated_component,,PREPARATION
qoshedy,,isolated_component,,PREPARATION
qota,Hypericum perforatum,compound_final,,BIOLOGICAL
qotaiin,Mentha spicata,processed_extract,,BIOLOGICAL
qotaiior,Hypericum perforatum,compound_final,,BIOLOGICAL
qotain,,isolated_component,,PREPARATION
qotais,,isolated_component,,PREPARATION
qotal,Mentha spicata,processed,,BIOLOGICAL
qotalal,,isolated_component,,PREPARATION
qotar,Mentha spicata,processed,,BIOLOGICAL
qotchain,,isolated_component,,PREPARATION
qotchar,,isolated_component,,PREPARATION
qotchdal,Mentha spicata,raw,,BIOLOGICAL
qotchdy,,isolated_component,,PREPARATION
qotchedy,,isolated_component,,PREPARATION
qotchey,Melissa officinalis,raw,,BIOLOGICAL
qotcho,,isolated_component,,PREPARATION
qotchol,Mentha spicata,compound_final,,BIOLOGICAL
qotchy,Mentha spicata,processed,,BIOLOGICAL
qotedair,,compound_final,,PREPARATION
qotedais,,compound_final,,PREPARATION
qotedy,,isolated_component,,PREPARATION
qoteedy,Mentha spicata,raw,,BIOLOGICAL
qoteeody,Mentha spicata,raw,,BIOLOGICAL
qoteeol,Fermented tincture stage,fermented,,BIOLOGICAL
qoteey,Fermented tincture stage,fermented,,BIOLOGICAL
qoteody,Mentha spicata,processed,,BIOLOGICAL
qotl,,compound_final,,PREPARATION
qoto,Artemisia absinthium,compound_final,,BIOLOGICAL
qotody,,isolated_component,,PREPARATION
qotol,,isolated_component,,PREPARATION
qotor,Mentha spicata,compound_final,,BIOLOGICAL
qoty,Alcohol extract carrier,alcohol_extract,,BIOLOGICAL
qotyl,Melissa officinalis,compound_final,,BIOLOGICAL
qtaiin,Mentha spicata,raw,,BIOLOGICAL
qtam,Melissa officinalis,compound_final,,BIOLOGICAL
r,Alcohol extract carrier,alcohol_extract,,BIOLOGICAL
rai,,isolated_component,,PREPARATION
raiin,Mentha spicata,raw,,BIOLOGICAL
rar,Mentha spicata,processed,,BIOLOGICAL
reedy,,isolated_component,,PREPARATION
rn,Mentha spicata,compound_final,,BIOLOGICAL
s,Mentha spicata,processed,,BIOLOGICAL
sai,Mentha spicata,compound_final,,BIOLOGICAL
saiin,Mentha spicata,processed_extract,,BIOLOGICAL
sal,,isolated_component,,PREPARATION
saldam,Mentha spicata,raw,,BIOLOGICAL
sar,Mentha spicata,processed,,BIOLOGICAL
sary,,isolated_component,,PREPARATION
sh,Hypericum perforatum,processed,,BIOLOGICAL
shackhy,Mentha spicata,raw,,BIOLOGICAL
shaiin,Mentha spicata,processed_extract,,BIOLOGICAL
shain,Mentha spicata,compound_final,,BIOLOGICAL
shakam,,compound_final,,PREPARATION
shakom,,compound_final,,PREPARATION
shal,Humulus lupulus,processed,,BIOLOGICAL
shalkl,,isolated_component,,PREPARATION
shalom,,isolated_component,,PREPARATION
sham,,isolated_component,,PREPARATION
shapchedy,,isolated_component,,PREPARATION
shar,Alcohol extract carrier,alcohol_extract,,BIOLOGICAL
shcfhor,Mentha spicata,raw,,BIOLOGICAL
shckh,Mentha spicata,compound_final,,BIOLOGICAL
shckhcfhy,Mentha spicata,compound_final,,BIOLOGICAL
shckhedy,Mentha spicata,processed,,BIOLOGICAL
shckhey,Mentha spicata,processed,,BIOLOGICAL
shckhody,,isolated_component,,PREPARATION
shckhor,Mentha spicata,raw,,BIOLOGICAL
shckhshe,Achillea millefolium,raw,,BIOLOGICAL
shckhy,Mentha spicata,processed,,BIOLOGICAL
shcphaor,,isolated_component,,PREPARATION
shcphoar,,isolated_component,,PREPARATION
shcphoor,,isolated_component,,PREPARATION
shcthey,Mentha spicata,compound_final,,BIOLOGICAL
shcthy,Mentha spicata,processed,,BIOLOGICAL
shdaiin,,isolated_component,,PREPARATION
shdam,,isolated_component,,PREPARATION
shdy,Mentha spicata,raw,,BIOLOGICAL
she,Mentha spicata,processed,,BIOLOGICAL
shea,Mentha spicata,processed,,BIOLOGICAL
sheaiin,Mentha spicata,processed_extract,,BIOLOGICAL
sheakey,,isolated_component,,PREPARATION
sheal,Mentha spicata,raw,,BIOLOGICAL
shear,Mentha spicata,processed,,BIOLOGICAL
shechy,Artemisia absinthium,raw,,BIOLOGICAL
sheckeey,,isolated_component,,PREPARATION
sheckh,,isolated_component,,PREPARATION
sheckhdy,,isolated_component,,PREPARATION
sheckhey,,isolated_component,,PREPARATION
sheckhy,Achillea millefolium,processed,,BIOLOGICAL
shecthey,,isolated_component,,PREPARATION
shecthy,,isolated_component,,PREPARATION
shed,Hypericum perforatum,processed,,BIOLOGICAL
shedai,,isolated_component,,PREPARATION
shedaiin,Alcohol extract carrier,alcohol_extract,,BIOLOGICAL
shedal,,isolated_component,,PREPARATION
shedar,,isolated_component,,PREPARATION
shedea,,isolated_component,,PREPARATION
shedl,,compound_final,,PREPARATION
shedy,Mentha spicata,processed,,BIOLOGICAL
shee,Mentha spicata,compound_final,,BIOLOGICAL
sheeai,,isolated_component,,PREPARATION
sheeaiin,,isolated_component,,PREPARATION
sheeal,,isolated_component,,PREPARATION
sheear,,isolated_component,,PREPARATION
sheeckhey,,isolated_component,,PREPARATION
sheed,Mentha spicata,raw,,BIOLOGICAL
sheedar,,isolated_component,,PREPARATION
sheedy,Hypericum perforatum,processed,,BIOLOGICAL
sheeeol,,isolated_component,,PREPARATION
sheek,Mentha spicata,compound_final,,BIOLOGICAL
sheekar,,isolated_component,,PREPARATION
sheekchy,Mentha spicata,raw,,BIOLOGICAL
sheekey,Mentha spicata,raw,,BIOLOGICAL
sheekol,,isolated_component,,PREPARATION
sheekshy,,isolated_component,,PREPARATION
sheeky,Mentha spicata,processed,,BIOLOGICAL
sheeody,,isolated_component,,PREPARATION
sheeol,Mentha spicata,raw,,BIOLOGICAL
sheeor,Alcohol extract carrier,alcohol_extract,,BIOLOGICAL
sheet,Mentha spicata,compound_final,,BIOLOGICAL
sheety,Mentha spicata,processed,,BIOLOGICAL
sheey,Hypericum perforatum,processed,,BIOLOGICAL
shefchdy,,isolated_component,,PREPARATION
shek,Achillea millefolium,processed,,BIOLOGICAL
shekai,Humulus lupulus,raw,,BIOLOGICAL
shekaiin,Melissa officinalis,processed_extract,,BIOLOGICAL
shekal,,isolated_component,,PREPARATION
shekeod,Mentha spicata,raw,,BIOLOGICAL
shekey,Fermented tincture stage,fermented,,BIOLOGICAL
sheky,Fermented tincture stage,fermented,,BIOLOGICAL
sheo,Mentha spicata,processed,,BIOLOGICAL
sheockhy,Melissa officinalis,raw,,BIOLOGICAL
sheoctham,,isolated_component,,PREPARATION
sheodaiin,,isolated_component,,PREPARATION
sheody,Artemisia absinthium,processed,,BIOLOGICAL
sheoikhy,,isolated_component,,PREPARATION
sheokaiin,,isolated_component,,PREPARATION
sheokey,,isolated_component,,PREPARATION
sheol,Melissa officinalis,oil_extract,,BIOLOGICAL
sheom,,isolated_component,,PREPARATION
sheoody,,isolated_component,,PREPARATION
sheor,Mentha spicata,refined_extract,,BIOLOGICAL
sheos,,isolated_component,,PREPARATION
sheoy,,isolated_component,,PREPARATION
shes,Mentha spicata,processed,,BIOLOGICAL
shetar,Mentha spicata,raw,,BIOLOGICAL
shety,Melissa officinalis,processed,,BIOLOGICAL
shey,Hypericum perforatum,processed,,BIOLOGICAL
sheyk,Mentha spicata,raw,,BIOLOGICAL
sheyky,Mentha spicata,compound_final,,BIOLOGICAL
shk,Hypericum perforatum,compound_final,,BIOLOGICAL
shkaiin,,isolated_component,,PREPARATION
shkal,Mentha spicata,raw,,BIOLOGICAL
shkar,Achillea millefolium,processed,,BIOLOGICAL
shkchedy,Artemisia absinthium,raw,,BIOLOGICAL
shkechy,Hypericum perforatum,compound_final,,BIOLOGICAL
shkeedy,Achillea millefolium,raw,,BIOLOGICAL
shky,,compound_final,,PREPARATION
shl,Mentha spicata,raw,,BIOLOGICAL
sho,Mentha spicata,processed,,BIOLOGICAL
shoaiin,Valeriana officinalis,raw,,BIOLOGICAL
shockhy,Mentha spicata,compound_final,,BIOLOGICAL
shod,,isolated_component,,PREPARATION
shoda,Papaver somniferum,raw,,BIOLOGICAL
shodaiin,,isolated_component,,PREPARATION
shodain,,isolated_component,,PREPARATION
shodal,,isolated_component,,PREPARATION
shodody,,isolated_component,,PREPARATION
shody,Achillea millefolium,processed,,BIOLOGICAL
shoekey,Mentha spicata,compound_final,,BIOLOGICAL
shoikhy,Mentha spicata,compound_final,,BIOLOGICAL
shoin,,isolated_component,,PREPARATION
shok,Mentha spicata,processed,,BIOLOGICAL
shokaiin,Humulus lupulus,processed_extract,,BIOLOGICAL
shokche,,isolated_component,,PREPARATION
shokchey,,isolated_component,,PREPARATION
shokchy,,isolated_component,,PREPARATION
shokee,,isolated_component,,PREPARATION
shokog,,compound_final,,PREPARATION
shol,Humulus lupulus,oil_extract,,BIOLOGICAL
sholdy,,isolated_component,,PREPARATION
shols,,isolated_component,,PREPARATION
sholy,Mentha spicata,raw,,BIOLOGICAL
shor,Mentha spicata,refined_extract,,BIOLOGICAL
shory,,isolated_component,,PREPARATION
shos,,isolated_component,,PREPARATION
shotch,,isolated_component,,PREPARATION
shotcho,,isolated_component,,PREPARATION
shoy,,isolated_component,,PREPARATION
shrol,,isolated_component,,PREPARATION
shtchy,Humulus lupulus,compound_final,,BIOLOGICAL
shy,Melissa officinalis,processed,,BIOLOGICAL
shypchedy,Mentha spicata,raw,,BIOLOGICAL
sody,,isolated_component,,PREPARATION
sol,Mentha spicata,raw,,BIOLOGICAL
soleeg,,isolated_component,,PREPARATION
soleem,,isolated_component,,PREPARATION
sy,Melissa officinalis,compound_final,,BIOLOGICAL
taedaiin,,isolated_component,,PREPARATION
tai,,isolated_component,,PREPARATION
taiin,Mentha spicata,raw,,BIOLOGICAL
tair,Achillea millefolium,raw,,BIOLOGICAL
talol,,isolated_component,,PREPARATION
tam,,isolated_component,,PREPARATION
tasdaiin,,isolated_component,,PREPARATION
tchar,Melissa officinalis,compound_final,,BIOLOGICAL
tchedy,Mentha spicata,compound_final,,BIOLOGICAL
teedan,,isolated_component,,PREPARATION
teeedy,Achillea millefolium,compound_final,,BIOLOGICAL
teey,Mentha spicata,processed,,BIOLOGICAL
teodaiin,Mentha spicata,raw,,BIOLOGICAL
tey,Melissa officinalis,raw,,BIOLOGICAL
tshes,Melissa officinalis,compound_final,,BIOLOGICAL
tshodody,,isolated_component,,PREPARATION
y,Mentha spicata,processed,,BIOLOGICAL
yal,Mentha spicata,raw,,BIOLOGICAL
ych,Melissa officinalis,raw,,BIOLOGICAL
ychar,Artemisia absinthium,raw,,BIOLOGICAL
ychdy,Mentha spicata,compound_final,,BIOLOGICAL
ychea,Papaver somniferum,raw,,BIOLOGICAL
ychear,,isolated_component,,PREPARATION
ycheas,Papaver somniferum,raw,,BIOLOGICAL
ychedy,Fermented tincture stage,fermented,,BIOLOGICAL
ycheedy,Mentha spicata,compound_final,,BIOLOGICAL
ycheeo,,isolated_component,,PREPARATION
ychey,Mentha spicata,raw,,BIOLOGICAL
yd,,compound_final,,PREPARATION
ydaiin,,isolated_component,,PREPARATION
ydain,Hypericum perforatum,raw,,BIOLOGICAL
ydal,Alcohol extract carrier,alcohol_extract,,BIOLOGICAL
ydy,Alcohol extract carrier,alcohol_extract,,BIOLOGICAL
yefaiin,,isolated_component,,PREPARATION
yepaiin,,isolated_component,,PREPARATION
yfolaiin,Mentha spicata,compound_final,,BIOLOGICAL
ykai,Mentha spicata,raw,,BIOLOGICAL
ykaiin,Mentha spicata,processed_extract,,BIOLOGICAL
ykain,Mentha spicata,processed,,BIOLOGICAL
ykair,Mentha spicata,processed,,BIOLOGICAL
ykal,Mentha spicata,compound_final,,BIOLOGICAL
ykald,,isolated_component,,PREPARATION
ykaly,Mentha spicata,processed,,BIOLOGICAL
ykam,Mentha spicata,compound_final,,BIOLOGICAL
ykar,Mentha spicata,compound_final,,BIOLOGICAL
ykchedy,,isolated_component,,PREPARATION
ykchol,Papaver somniferum,raw,,BIOLOGICAL
ykcholqod,,isolated_component,,PREPARATION
ykchor,,isolated_component,,PREPARATION
ykedy,Humulus lupulus,compound_final,,BIOLOGICAL
ykeedy,Mentha spicata,raw,,BIOLOGICAL
ykeeeady,Alcohol extract carrier,alcohol_extract,,BIOLOGICAL
ykeeedy,Mentha spicata,compound_final,,BIOLOGICAL
ykeeeody,Alcohol extract carrier,alcohol_extract,,BIOLOGICAL
ykeeo,Melissa officinalis,processed,,BIOLOGICAL
ykeeol,Mentha spicata,oil_extract,,BIOLOGICAL
ykeeoly,Mentha spicata,raw,,BIOLOGICAL
ykees,,isolated_component,,PREPARATION
ykeeshy,,isolated_component,,PREPARATION
ykeey,Mentha spicata,processed,,BIOLOGICAL
ykeeykeey,Mentha spicata,raw,,BIOLOGICAL
ykeo,Mentha spicata,raw,,BIOLOGICAL
ykeoa,Papaver somniferum,compound_final,,BIOLOGICAL
ykeoay,,isolated_component,,PREPARATION
ykeod,Mentha spicata,processed,,BIOLOGICAL
ykeoda,Mentha spicata,processed,,BIOLOGICAL
ykeodaiin,Mentha spicata,raw,,BIOLOGICAL
ykeody,Papaver somniferum,processed,,BIOLOGICAL
ykeol,,isolated_component,,PREPARATION
ykeoldy,,isolated_component,,PREPARATION
ykeos,,compound_final,,PREPARATION
ykhor,,isolated_component,,PREPARATION
ykl,,isolated_component,,PREPARATION
ykodai,Mentha spicata,raw,,BIOLOGICAL
ykofar,Mentha spicata,processed,,BIOLOGICAL
ykoiin,,isolated_component,,PREPARATION
ykolody,Mentha spicata,raw,,BIOLOGICAL
ykor,Mentha spicata,refined_extract,,BIOLOGICAL
yky,Mentha spicata,processed,,BIOLOGICAL
ylchedar,Alcohol extract carrier,alcohol_extract,,BIOLOGICAL
ylchedor,Alcohol extract carrier,alcohol_extract,,BIOLOGICAL
ylg,,compound_final,,PREPARATION
ylkaiin,Hypericum perforatum,compound_final,,BIOLOGICAL
yly,,compound_final,,PREPARATION
yochedy,Mentha spicata,raw,,BIOLOGICAL
yoeear,Mentha spicata,raw,,BIOLOGICAL
yol,Mentha spicata,raw,,BIOLOGICAL
yols,Hypericum perforatum,compound_final,,BIOLOGICAL
ypchedy,Mentha spicata,compound_final,,BIOLOGICAL
ypcheg,,isolated_component,,PREPARATION
ypcholy,Mentha spicata,raw,,BIOLOGICAL
ypchy,,isolated_component,,PREPARATION
yqokaly,,compound_final,,PREPARATION
yqol,,isolated_component,,PREPARATION
yrshey,Achillea millefolium,processed,,BIOLOGICAL
yta,Mentha spicata,compound_final,,BIOLOGICAL
ytai,Mentha spicata,processed,,BIOLOGICAL
ytaii,Mentha spicata,compound_final,,BIOLOGICAL
ytaiin,Mentha spicata,processed_extract,,BIOLOGICAL
ytaiinm,Alcohol extract carrier,alcohol_extract,,BIOLOGICAL
ytain,,isolated_component,,PREPARATION
ytair,,isolated_component,,PREPARATION
ytal,,isolated_component,,PREPARATION
ytaly,Mentha spicata,raw,,BIOLOGICAL
ytam,Mentha spicata,compound_final,,BIOLOGICAL
ytar,Mentha spicata,raw,,BIOLOGICAL
ytary,Alcohol extract carrier,alcohol_extract,,BIOLOGICAL
ytchdy,Mentha spicata,raw,,BIOLOGICAL
ytchody,,isolated_component,,PREPARATION
ytchpy,,isolated_component,,PREPARATION
ytchy,,isolated_component,,PREPARATION
yteal,Melissa officinalis,compound_final,,BIOLOGICAL
ytechy,Hypericum perforatum,processed,,BIOLOGICAL
ytedy,Mentha spicata,compound_final,,BIOLOGICAL
yteedy,Mentha spicata,processed,,BIOLOGICAL
yteeeor,Mentha spicata,compound_final,,BIOLOGICAL
yteeey,Hypericum perforatum,processed,,BIOLOGICAL
yteeody,Melissa officinalis,raw,,BIOLOGICAL
yteeol,,isolated_component,,PREPARATION
yteey,Mentha spicata,processed,,BIOLOGICAL
yteody,,isolated_component,,PREPARATION
ytey,Mentha spicata,compound_final,,BIOLOGICAL
ytodaiin,Fermented tincture stage,fermented,,BIOLOGICAL
ytody,Mentha spicata,compound_final,,BIOLOGICAL
ytoiiin,,isolated_component,,PREPARATION
ytol,Mentha spicata,compound_final,,BIOLOGICAL
ytor,Mentha spicata,raw,,BIOLOGICAL
ytoy,Mentha spicata,compound_final,,BIOLOGICAL
