recipe_id,ingredient_count,ingredients,recipe_sequence
1,4, [raw]; Mentha spicata [processed];  [isolated_component]; Mentha spicata [raw], [raw] →  [raw] →  [raw] →  [raw] →  [raw] →  [raw] →  [raw] →  [raw] →  [raw] →  [raw] →  [raw] →  [raw] →  [raw] → Mentha spicata [processed] →  [isolated_component] →  [isolated_component] →  [isolated_component] →  [isolated_component] → Mentha spicata [raw] →  [isolated_component]
2,3,Mentha spicata [compound_final];  [isolated_component]; Achillea millefolium [processed_extract],Mentha spicata [compound_final] →  [isolated_component] → Achillea millefolium [processed_extract] →  [isolated_component]
3,2,Mentha spicata [compound_final];  [isolated_component],Mentha spicata [compound_final] →  [isolated_component]
4,2,Achillea millefolium [compound_final]; Mentha spicata [processed],Achillea millefolium [compound_final] → Mentha spicata [processed]
5,1,Mentha spicata [compound_final],Mentha spicata [compound_final]
6,1,Fermented tincture stage [fermented],Fermented tincture stage [fermented]
7,2,Mentha spicata [compound_final]; Mentha spicata [processed],Mentha spicata [compound_final] → Mentha spicata [processed]
8,4,Melissa officinalis [compound_final];  [isolated_component]; Alcohol extract carrier [alcohol_extract]; Melissa officinalis [raw],Melissa officinalis [compound_final] →  [isolated_component] → Alcohol extract carrier [alcohol_extract] → Melissa officinalis [raw]
9,3,Mentha spicata [compound_final]; Melissa officinalis [processed];  [isolated_component],Mentha spicata [compound_final] → Melissa officinalis [processed] →  [isolated_component]
10,2,Mentha spicata [compound_final];  [isolated_component],Mentha spicata [compound_final] →  [isolated_component]
11,2,Mentha spicata [compound_final];  [isolated_component],Mentha spicata [compound_final] →  [isolated_component]
12,5,Mentha spicata [compound_final];  [isolated_component]; Alcohol extract carrier [alcohol_extract]; Mentha spicata [processed_extract]; Mentha spicata [raw],Mentha spicata [compound_final] →  [isolated_component] →  [isolated_component] → Alcohol extract carrier [alcohol_extract] → Mentha spicata [processed_extract] →  [isolated_component] → Mentha spicata [raw]
13,3,Mentha spicata [compound_final]; Mentha spicata [processed]; Hypericum perforatum [oil_extract],Mentha spicata [compound_final] → Mentha spicata [processed] → Hypericum perforatum [oil_extract]
14,2,Achillea millefolium [compound_final];  [isolated_component],Achillea millefolium [compound_final] →  [isolated_component]
15,2,Fermented tincture stage [fermented]; Hypericum perforatum [processed],Fermented tincture stage [fermented] → Hypericum perforatum [processed]
16,1,Achillea millefolium [compound_final],Achillea millefolium [compound_final]
17,1,Melissa officinalis [compound_final],Melissa officinalis [compound_final]
18,3,Melissa officinalis [compound_final];  [isolated_component]; Achillea millefolium [processed],Melissa officinalis [compound_final] →  [isolated_component] → Achillea millefolium [processed]
19,2,Mentha spicata [compound_final]; Achillea millefolium [processed],Mentha spicata [compound_final] → Achillea millefolium [processed]
20,1, [compound_final], [compound_final]
21,1,Mentha spicata [compound_final],Mentha spicata [compound_final]
22,3, [compound_final];  [processed];  [isolated_component], [compound_final] →  [processed] →  [isolated_component] →  [isolated_component]
23,3,Mentha spicata [compound_final]; Achillea millefolium [raw];  [isolated_component],Mentha spicata [compound_final] → Achillea millefolium [raw] →  [isolated_component]
24,1, [compound_final], [compound_final]
25,3,Hypericum perforatum [compound_final];  [isolated_component]; Mentha spicata [raw],Hypericum perforatum [compound_final] →  [isolated_component] →  [isolated_component] → Mentha spicata [raw] → Mentha spicata [raw] →  [isolated_component] → Mentha spicata [raw] →  [isolated_component]
26,2,Fermented tincture stage [fermented]; Mentha spicata [processed],Fermented tincture stage [fermented] → Mentha spicata [processed]
27,2,Fermented tincture stage [fermented];  [isolated_component],Fermented tincture stage [fermented] →  [isolated_component]
28,4,Hypericum perforatum [compound_final];  [isolated_component]; Hypericum perforatum [processed_extract]; Mentha spicata [processed],Hypericum perforatum [compound_final] →  [isolated_component] →  [isolated_component] → Hypericum perforatum [processed_extract] →  [isolated_component] → Mentha spicata [processed]
29,4,Mentha spicata [compound_final]; Melissa officinalis [raw];  [isolated_component]; Achillea millefolium [processed],Mentha spicata [compound_final] → Melissa officinalis [raw] →  [isolated_component] →  [isolated_component] → Achillea millefolium [processed] →  [isolated_component]
30,1,Humulus lupulus [compound_final],Humulus lupulus [compound_final]
31,2,Achillea millefolium [compound_final];  [isolated_component],Achillea millefolium [compound_final] →  [isolated_component]
32,1,Mentha spicata [compound_final],Mentha spicata [compound_final]
33,4,Artemisia absinthium [compound_final]; Mentha spicata [processed]; Mentha spicata [raw]; Alcohol extract carrier [alcohol_extract],Artemisia absinthium [compound_final] → Mentha spicata [processed] → Mentha spicata [raw] → Alcohol extract carrier [alcohol_extract]
34,1,Hypericum perforatum [compound_final],Hypericum perforatum [compound_final]
35,2,Mentha spicata [compound_final]; Mentha spicata [processed],Mentha spicata [compound_final] → Mentha spicata [processed] → Mentha spicata [processed]
36,3,Achillea millefolium [compound_final]; Mentha spicata [processed];  [isolated_component],Achillea millefolium [compound_final] → Mentha spicata [processed] →  [isolated_component]
37,1,Mentha spicata [compound_final],Mentha spicata [compound_final]
38,5,Mentha spicata [compound_final]; Alcohol extract carrier [alcohol_extract]; Humulus lupulus [processed];  [isolated_component]; Artemisia absinthium [processed],Mentha spicata [compound_final] → Alcohol extract carrier [alcohol_extract] → Alcohol extract carrier [alcohol_extract] → Humulus lupulus [processed] →  [isolated_component] →  [isolated_component] →  [isolated_component] →  [isolated_component] → Artemisia absinthium [processed] →  [isolated_component]
39,3,Humulus lupulus [compound_final]; Mentha spicata [processed]; Alcohol extract carrier [alcohol_extract],Humulus lupulus [compound_final] → Mentha spicata [processed] → Alcohol extract carrier [alcohol_extract]
40,6,Mentha spicata [compound_final];  [isolated_component]; Papaver somniferum [raw]; Melissa officinalis [raw]; Mentha spicata [raw]; Mentha spicata [processed],Mentha spicata [compound_final] →  [isolated_component] → Papaver somniferum [raw] →  [isolated_component] → Melissa officinalis [raw] →  [isolated_component] →  [isolated_component] → Mentha spicata [raw] → Mentha spicata [processed] →  [isolated_component]
41,1,Fermented tincture stage [fermented],Fermented tincture stage [fermented]
42,2,Fermented tincture stage [fermented]; Mentha spicata [processed],Fermented tincture stage [fermented] → Mentha spicata [processed]
43,1,Hypericum perforatum [compound_final],Hypericum perforatum [compound_final]
44,2,Mentha spicata [compound_final]; Mentha spicata [raw],Mentha spicata [compound_final] → Mentha spicata [raw] → Mentha spicata [raw] → Mentha spicata [raw] → Mentha spicata [raw]
45,2,Mentha spicata [compound_final]; Mentha spicata [processed],Mentha spicata [compound_final] → Mentha spicata [processed] → Mentha spicata [processed]
46,5,Mentha spicata [compound_final]; Mentha spicata [raw]; Mentha spicata [processed_extract]; Melissa officinalis [raw]; Mentha spicata [processed],Mentha spicata [compound_final] → Mentha spicata [raw] → Mentha spicata [processed_extract] → Melissa officinalis [raw] → Mentha spicata [processed]
47,1,Mentha spicata [compound_final],Mentha spicata [compound_final]
48,1,Achillea millefolium [compound_final],Achillea millefolium [compound_final]
49,7,Mentha spicata [compound_final];  [isolated_component]; Mentha spicata [processed]; Achillea millefolium [raw]; Mentha spicata [raw]; Alcohol extract carrier [alcohol_extract]; Humulus lupulus [raw],Mentha spicata [compound_final] →  [isolated_component] → Mentha spicata [processed] → Achillea millefolium [raw] →  [isolated_component] → Mentha spicata [raw] → Alcohol extract carrier [alcohol_extract] → Humulus lupulus [raw] →  [isolated_component]
50,1, [compound_final], [compound_final]
51,2,Fermented tincture stage [fermented]; Mentha spicata [processed],Fermented tincture stage [fermented] → Mentha spicata [processed]
52,1,Fermented tincture stage [fermented],Fermented tincture stage [fermented]
53,1,Mentha spicata [compound_final],Mentha spicata [compound_final]
54,1,Melissa officinalis [compound_final],Melissa officinalis [compound_final]
55,6,Melissa officinalis [compound_final]; Mentha spicata [processed_extract]; Melissa officinalis [processed];  [isolated_component]; Alcohol extract carrier [alcohol_extract]; Achillea millefolium [processed],Melissa officinalis [compound_final] → Mentha spicata [processed_extract] → Melissa officinalis [processed] →  [isolated_component] →  [isolated_component] → Alcohol extract carrier [alcohol_extract] → Achillea millefolium [processed] →  [isolated_component]
56,2, [compound_final];  [isolated_component], [compound_final] →  [isolated_component]
57,4,Mentha spicata [compound_final]; Mentha spicata [processed]; Mentha spicata [raw]; Alcohol extract carrier [alcohol_extract],Mentha spicata [compound_final] → Mentha spicata [processed] → Mentha spicata [processed] → Mentha spicata [raw] → Alcohol extract carrier [alcohol_extract] → Alcohol extract carrier [alcohol_extract] → Mentha spicata [raw] → Mentha spicata [processed] → Mentha spicata [raw] → Mentha spicata [raw] → Mentha spicata [raw] → Mentha spicata [raw]
58,1,Mentha spicata [compound_final],Mentha spicata [compound_final]
59,1,Mentha spicata [compound_final],Mentha spicata [compound_final]
60,10,Mentha spicata [compound_final];  [processed]; Mentha spicata [processed];  [isolated_component]; Melissa officinalis [processed]; Alcohol extract carrier [alcohol_extract]; Melissa officinalis [raw]; Mentha spicata [raw]; Achillea millefolium [processed]; Achillea millefolium [raw],Mentha spicata [compound_final] →  [processed] → Mentha spicata [processed] →  [isolated_component] → Melissa officinalis [processed] → Alcohol extract carrier [alcohol_extract] → Melissa officinalis [raw] → Alcohol extract carrier [alcohol_extract] → Mentha spicata [raw] → Melissa officinalis [processed] → Achillea millefolium [processed] → Achillea millefolium [raw] →  [isolated_component] → Mentha spicata [processed] →  [isolated_component] →  [isolated_component] →  [isolated_component] →  [isolated_component] →  [isolated_component]
61,1, [compound_final], [compound_final]
62,3,Mentha spicata [compound_final]; Melissa officinalis [processed]; Melissa officinalis [processed_extract],Mentha spicata [compound_final] → Melissa officinalis [processed] → Melissa officinalis [processed_extract]
63,6,Melissa officinalis [compound_final]; Alcohol extract carrier [alcohol_extract]; Mentha spicata [raw]; Melissa officinalis [raw];  [isolated_component]; Mentha spicata [processed],Melissa officinalis [compound_final] → Alcohol extract carrier [alcohol_extract] → Alcohol extract carrier [alcohol_extract] → Mentha spicata [raw] → Melissa officinalis [raw] →  [isolated_component] → Mentha spicata [processed] → Mentha spicata [raw] → Mentha spicata [processed] → Mentha spicata [processed] →  [isolated_component] → Mentha spicata [processed] → Mentha spicata [processed]
64,3, [compound_final]; Mentha spicata [processed];  [isolated_component], [compound_final] → Mentha spicata [processed] →  [isolated_component]
65,3, [compound_final]; Alcohol extract carrier [alcohol_extract]; Mentha spicata [processed], [compound_final] → Alcohol extract carrier [alcohol_extract] → Mentha spicata [processed]
66,3,Papaver somniferum [compound_final]; Papaver somniferum [processed_extract]; Mentha spicata [raw],Papaver somniferum [compound_final] → Papaver somniferum [processed_extract] → Mentha spicata [raw]
67,3,Fermented tincture stage [fermented]; Melissa officinalis [processed]; Mentha spicata [processed],Fermented tincture stage [fermented] → Melissa officinalis [processed] → Mentha spicata [processed]
68,2,Melissa officinalis [compound_final]; Papaver somniferum [raw],Melissa officinalis [compound_final] → Papaver somniferum [raw]
69,3,Mentha spicata [compound_final];  [isolated_component]; Mentha spicata [processed_extract],Mentha spicata [compound_final] →  [isolated_component] →  [isolated_component] → Mentha spicata [processed_extract] →  [isolated_component] →  [isolated_component]
70,2,Mentha spicata [compound_final];  [isolated_component],Mentha spicata [compound_final] →  [isolated_component]
71,2,Fermented tincture stage [fermented]; Melissa officinalis [raw],Fermented tincture stage [fermented] → Melissa officinalis [raw]
72,1,Fermented tincture stage [fermented],Fermented tincture stage [fermented]
73,2,Fermented tincture stage [fermented]; Mentha spicata [raw],Fermented tincture stage [fermented] → Mentha spicata [raw]
74,2,Achillea millefolium [compound_final];  [isolated_component],Achillea millefolium [compound_final] →  [isolated_component]
75,6,Mentha spicata [compound_final]; Mentha spicata [refined_extract]; Mentha spicata [processed]; Mentha spicata [raw];  [isolated_component]; Humulus lupulus [raw],Mentha spicata [compound_final] → Mentha spicata [refined_extract] → Mentha spicata [processed] → Mentha spicata [raw] →  [isolated_component] →  [isolated_component] → Humulus lupulus [raw] → Mentha spicata [processed] →  [isolated_component]
76,3,Fermented tincture stage [fermented]; Mentha spicata [processed];  [isolated_component],Fermented tincture stage [fermented] → Mentha spicata [processed] →  [isolated_component]
77,1,Mentha spicata [compound_final],Mentha spicata [compound_final]
78,8,Hypericum perforatum [compound_final]; Melissa officinalis [processed];  [isolated_component]; Mentha spicata [raw]; Alcohol extract carrier [alcohol_extract]; Artemisia absinthium [processed]; Artemisia absinthium [processed_extract]; Mentha spicata [processed],Hypericum perforatum [compound_final] → Melissa officinalis [processed] →  [isolated_component] → Mentha spicata [raw] →  [isolated_component] → Melissa officinalis [processed] → Alcohol extract carrier [alcohol_extract] → Melissa officinalis [processed] →  [isolated_component] → Mentha spicata [raw] → Mentha spicata [raw] → Alcohol extract carrier [alcohol_extract] →  [isolated_component] → Artemisia absinthium [processed] → Artemisia absinthium [processed_extract] → Mentha spicata [processed] → Mentha spicata [processed]
79,3,Fermented tincture stage [fermented]; Alcohol extract carrier [alcohol_extract];  [isolated_component],Fermented tincture stage [fermented] → Alcohol extract carrier [alcohol_extract] →  [isolated_component] →  [isolated_component] →  [isolated_component]
80,6, [compound_final];  [isolated_component]; Mentha spicata [raw]; Humulus lupulus [raw]; Achillea millefolium [raw]; Mentha spicata [processed], [compound_final] →  [isolated_component] →  [isolated_component] → Mentha spicata [raw] → Humulus lupulus [raw] →  [isolated_component] →  [isolated_component] → Achillea millefolium [raw] → Mentha spicata [processed]
81,1,Fermented tincture stage [fermented],Fermented tincture stage [fermented]
82,3,Fermented tincture stage [fermented]; Melissa officinalis [processed];  [isolated_component],Fermented tincture stage [fermented] → Melissa officinalis [processed] →  [isolated_component]
83,4,Melissa officinalis [compound_final]; Mentha spicata [processed]; Mentha spicata [raw];  [isolated_component],Melissa officinalis [compound_final] → Mentha spicata [processed] → Mentha spicata [raw] →  [isolated_component] →  [isolated_component] → Mentha spicata [processed] →  [isolated_component]
84,2,Melissa officinalis [compound_final];  [isolated_component],Melissa officinalis [compound_final] →  [isolated_component] →  [isolated_component] →  [isolated_component]
85,1, [compound_final], [compound_final]
86,2,Fermented tincture stage [fermented];  [isolated_component],Fermented tincture stage [fermented] →  [isolated_component]
87,1,Mentha spicata [compound_final],Mentha spicata [compound_final]
88,3,Humulus lupulus [compound_final];  [isolated_component]; Papaver somniferum [processed],Humulus lupulus [compound_final] →  [isolated_component] → Papaver somniferum [processed]
89,1, [compound_final], [compound_final]
90,4, [compound_final];  [isolated_component]; Mentha spicata [processed]; Mentha spicata [processed_extract], [compound_final] →  [isolated_component] → Mentha spicata [processed] → Mentha spicata [processed_extract]
91,4,Melissa officinalis [compound_final]; Melissa officinalis [processed];  [isolated_component]; Mentha spicata [raw],Melissa officinalis [compound_final] → Melissa officinalis [processed] →  [isolated_component] → Mentha spicata [raw] → Mentha spicata [raw]
92,2,Mentha spicata [compound_final];  [isolated_component],Mentha spicata [compound_final] →  [isolated_component]
93,1, [compound_final], [compound_final]
94,4,Mentha spicata [compound_final]; Mentha spicata [oil_extract];  [isolated_component]; Mentha spicata [raw],Mentha spicata [compound_final] → Mentha spicata [oil_extract] →  [isolated_component] →  [isolated_component] → Mentha spicata [raw] →  [isolated_component] →  [isolated_component] → Mentha spicata [raw] →  [isolated_component]
95,1,Mentha spicata [compound_final],Mentha spicata [compound_final]
96,5,Mentha spicata [compound_final]; Mentha spicata [raw];  [isolated_component]; Achillea millefolium [raw]; Artemisia absinthium [refined_extract],Mentha spicata [compound_final] → Mentha spicata [raw] →  [isolated_component] → Achillea millefolium [raw] → Mentha spicata [raw] → Artemisia absinthium [refined_extract]
97,3, [compound_final];  [isolated_component]; Mentha spicata [raw], [compound_final] →  [isolated_component] →  [isolated_component] →  [isolated_component] → Mentha spicata [raw] → Mentha spicata [raw]
98,3,Artemisia absinthium [compound_final];  [isolated_component]; Alcohol extract carrier [alcohol_extract],Artemisia absinthium [compound_final] →  [isolated_component] → Alcohol extract carrier [alcohol_extract] →  [isolated_component] → Alcohol extract carrier [alcohol_extract] →  [isolated_component]
99,3,Mentha spicata [compound_final]; Mentha spicata [processed];  [isolated_component],Mentha spicata [compound_final] → Mentha spicata [processed] →  [isolated_component] →  [isolated_component] →  [isolated_component] →  [isolated_component] →  [isolated_component] → Mentha spicata [processed]
100,3, [compound_final];  [isolated_component]; Melissa officinalis [raw], [compound_final] →  [isolated_component] → Melissa officinalis [raw]
101,5, [compound_final]; Achillea millefolium [raw]; Mentha spicata [raw];  [isolated_component]; Mentha spicata [processed], [compound_final] → Achillea millefolium [raw] → Mentha spicata [raw] →  [isolated_component] → Mentha spicata [processed] →  [isolated_component] →  [isolated_component]
102,2,Mentha spicata [compound_final];  [isolated_component],Mentha spicata [compound_final] →  [isolated_component] →  [isolated_component]
103,7,Mentha spicata [compound_final]; Mentha spicata [raw]; Mentha spicata [processed]; Melissa officinalis [processed]; Hypericum perforatum [raw];  [isolated_component];  [processed],Mentha spicata [compound_final] → Mentha spicata [raw] → Mentha spicata [processed] → Melissa officinalis [processed] → Hypericum perforatum [raw] →  [isolated_component] →  [isolated_component] →  [isolated_component] →  [isolated_component] → Mentha spicata [processed] →  [isolated_component] →  [processed] →  [isolated_component] →  [isolated_component] → Mentha spicata [processed] → Mentha spicata [raw]
104,5,Mentha spicata [compound_final]; Mentha spicata [processed];  [isolated_component]; Mentha spicata [oil_extract]; Hypericum perforatum [processed],Mentha spicata [compound_final] → Mentha spicata [processed] →  [isolated_component] → Mentha spicata [oil_extract] →  [isolated_component] → Hypericum perforatum [processed]
105,7, [compound_final];  [isolated_component]; Mentha spicata [refined_extract]; Mentha spicata [processed]; Mentha spicata [raw]; Alcohol extract carrier [alcohol_extract];  [processed], [compound_final] →  [isolated_component] →  [isolated_component] →  [isolated_component] →  [isolated_component] →  [isolated_component] → Mentha spicata [refined_extract] → Mentha spicata [processed] →  [isolated_component] → Mentha spicata [raw] →  [isolated_component] → Alcohol extract carrier [alcohol_extract] →  [isolated_component] → Mentha spicata [raw] →  [processed] →  [isolated_component] →  [isolated_component]
106,2,Hypericum perforatum [compound_final];  [isolated_component],Hypericum perforatum [compound_final] →  [isolated_component] →  [isolated_component] →  [isolated_component] →  [isolated_component] →  [isolated_component]
107,4,Mentha spicata [compound_final]; Mentha spicata [processed];  [isolated_component]; Mentha spicata [raw],Mentha spicata [compound_final] → Mentha spicata [processed] →  [isolated_component] → Mentha spicata [raw]
108,1,Mentha spicata [compound_final],Mentha spicata [compound_final]
109,2,Mentha spicata [compound_final];  [isolated_component],Mentha spicata [compound_final] →  [isolated_component] →  [isolated_component]
110,1,Mentha spicata [compound_final],Mentha spicata [compound_final]
111,3,Fermented tincture stage [fermented];  [isolated_component]; Valeriana officinalis [processed],Fermented tincture stage [fermented] →  [isolated_component] → Valeriana officinalis [processed] →  [isolated_component]
112,4, [compound_final]; Mentha spicata [processed];  [isolated_component]; Mentha spicata [oil_extract], [compound_final] → Mentha spicata [processed] →  [isolated_component] →  [isolated_component] →  [isolated_component] → Mentha spicata [oil_extract]
113,2,Valeriana officinalis [compound_final];  [isolated_component],Valeriana officinalis [compound_final] →  [isolated_component] →  [isolated_component]
114,4,Mentha spicata [compound_final]; Mentha spicata [refined_extract];  [isolated_component]; Valeriana officinalis [processed],Mentha spicata [compound_final] → Mentha spicata [refined_extract] →  [isolated_component] →  [isolated_component] → Valeriana officinalis [processed] →  [isolated_component]
115,1,Hypericum perforatum [compound_final],Hypericum perforatum [compound_final]
116,1,Mentha spicata [compound_final],Mentha spicata [compound_final]
117,5,Melissa officinalis [compound_final];  [isolated_component]; Humulus lupulus [processed]; Mentha spicata [raw]; Mentha spicata [processed_extract],Melissa officinalis [compound_final] →  [isolated_component] → Humulus lupulus [processed] → Mentha spicata [raw] →  [isolated_component] →  [isolated_component] → Mentha spicata [processed_extract] →  [isolated_component] →  [isolated_component]
118,2, [compound_final];  [isolated_component], [compound_final] →  [isolated_component] →  [isolated_component] →  [isolated_component]
119,1,Melissa officinalis [compound_final],Melissa officinalis [compound_final]
120,4, [compound_final];  [isolated_component]; Mentha spicata [stored]; Mentha spicata [processed], [compound_final] →  [isolated_component] → Mentha spicata [stored] →  [isolated_component] →  [isolated_component] →  [isolated_component] → Mentha spicata [processed]
121,2,Mentha spicata [compound_final];  [isolated_component],Mentha spicata [compound_final] →  [isolated_component]
122,1,Mentha spicata [compound_final],Mentha spicata [compound_final]
123,2, [compound_final]; Papaver somniferum [processed], [compound_final] → Papaver somniferum [processed]
124,2,Mentha spicata [compound_final]; Mentha spicata [raw],Mentha spicata [compound_final] → Mentha spicata [raw]
125,2,Mentha spicata [compound_final]; Mentha spicata [raw],Mentha spicata [compound_final] → Mentha spicata [raw]
126,1,Mentha spicata [compound_final],Mentha spicata [compound_final]
127,1,Papaver somniferum [compound_final],Papaver somniferum [compound_final]
128,2, [compound_final]; Mentha spicata [raw], [compound_final] → Mentha spicata [raw]
129,1, [compound_final], [compound_final]
130,3,Mentha spicata [compound_final];  [isolated_component]; Mentha spicata [processed],Mentha spicata [compound_final] →  [isolated_component] → Mentha spicata [processed] →  [isolated_component]
131,5,Mentha spicata [compound_final];  [isolated_component]; Mentha spicata [raw]; Alcohol extract carrier [alcohol_extract]; Mentha spicata [processed],Mentha spicata [compound_final] →  [isolated_component] →  [isolated_component] → Mentha spicata [raw] → Alcohol extract carrier [alcohol_extract] → Mentha spicata [processed] → Mentha spicata [processed] → Mentha spicata [processed] →  [isolated_component] →  [isolated_component]
132,2, [compound_final];  [isolated_component], [compound_final] →  [isolated_component] →  [isolated_component] →  [isolated_component]
133,2, [compound_final]; Mentha spicata [raw], [compound_final] → Mentha spicata [raw]
134,1,Mentha spicata [compound_final],Mentha spicata [compound_final]
135,1,Mentha spicata [compound_final],Mentha spicata [compound_final]
136,3,Mentha spicata [compound_final];  [isolated_component]; Mentha spicata [processed],Mentha spicata [compound_final] →  [isolated_component] →  [isolated_component] →  [isolated_component] →  [isolated_component] →  [isolated_component] →  [isolated_component] → Mentha spicata [processed]
137,1,Mentha spicata [compound_final],Mentha spicata [compound_final]
138,2,Mentha spicata [compound_final]; Mentha spicata [processed],Mentha spicata [compound_final] → Mentha spicata [processed]
139,1,Mentha spicata [compound_final],Mentha spicata [compound_final]
140,2,Mentha spicata [compound_final];  [isolated_component],Mentha spicata [compound_final] →  [isolated_component] →  [isolated_component]
141,2, [compound_final];  [isolated_component], [compound_final] →  [isolated_component]
142,2,Mentha spicata [compound_final];  [isolated_component],Mentha spicata [compound_final] →  [isolated_component]
143,6, [compound_final]; Mentha spicata [oil_extract];  [isolated_component]; Mentha spicata [raw]; Papaver somniferum [raw]; Alcohol extract carrier [alcohol_extract], [compound_final] → Mentha spicata [oil_extract] →  [isolated_component] →  [isolated_component] →  [isolated_component] →  [isolated_component] →  [isolated_component] →  [isolated_component] →  [isolated_component] → Mentha spicata [raw] →  [isolated_component] → Papaver somniferum [raw] → Alcohol extract carrier [alcohol_extract]
144,1, [compound_final], [compound_final]
145,3,Melissa officinalis [compound_final];  [isolated_component]; Papaver somniferum [processed],Melissa officinalis [compound_final] →  [isolated_component] → Papaver somniferum [processed] →  [isolated_component] →  [isolated_component] →  [isolated_component]
146,1,Mentha spicata [compound_final],Mentha spicata [compound_final]
147,6, [compound_final];  [isolated_component]; Mentha spicata [raw]; Humulus lupulus [raw]; Mentha spicata [processed]; Artemisia absinthium [raw], [compound_final] →  [isolated_component] → Mentha spicata [raw] → Humulus lupulus [raw] → Mentha spicata [raw] → Mentha spicata [processed] → Artemisia absinthium [raw] → Mentha spicata [raw]
148,1,Hypericum perforatum [compound_final],Hypericum perforatum [compound_final]
149,1,Mentha spicata [compound_final],Mentha spicata [compound_final]
150,4,Mentha spicata [compound_final];  [isolated_component]; Valeriana officinalis [processed]; Mentha spicata [raw],Mentha spicata [compound_final] →  [isolated_component] →  [isolated_component] →  [isolated_component] → Valeriana officinalis [processed] → Mentha spicata [raw] →  [isolated_component]
151,7,Valeriana officinalis [compound_final];  [isolated_component]; Hypericum perforatum [raw]; Mentha spicata [processed]; Melissa officinalis [raw]; Mentha spicata [raw]; Humulus lupulus [processed],Valeriana officinalis [compound_final] →  [isolated_component] → Hypericum perforatum [raw] →  [isolated_component] →  [isolated_component] →  [isolated_component] → Mentha spicata [processed] →  [isolated_component] →  [isolated_component] → Melissa officinalis [raw] → Mentha spicata [raw] →  [isolated_component] → Humulus lupulus [processed] →  [isolated_component]
152,3,Melissa officinalis [compound_final];  [isolated_component]; Mentha spicata [raw],Melissa officinalis [compound_final] →  [isolated_component] → Mentha spicata [raw] →  [isolated_component] →  [isolated_component] →  [isolated_component] →  [isolated_component]
153,1,Melissa officinalis [compound_final],Melissa officinalis [compound_final]
154,3,Papaver somniferum [compound_final]; Alcohol extract carrier [alcohol_extract];  [isolated_component],Papaver somniferum [compound_final] → Alcohol extract carrier [alcohol_extract] →  [isolated_component] → Alcohol extract carrier [alcohol_extract]
155,1,Hypericum perforatum [compound_final],Hypericum perforatum [compound_final]
156,4,Mentha spicata [compound_final];  [isolated_component]; Hypericum perforatum [processed]; Mentha spicata [processed],Mentha spicata [compound_final] →  [isolated_component] → Hypericum perforatum [processed] → Mentha spicata [processed]
157,2,Mentha spicata [compound_final]; Mentha spicata [processed],Mentha spicata [compound_final] → Mentha spicata [processed]
158,6,Mentha spicata [compound_final]; Mentha spicata [processed_extract]; Melissa officinalis [processed];  [isolated_component]; Mentha spicata [processed]; Achillea millefolium [processed],Mentha spicata [compound_final] → Mentha spicata [processed_extract] → Melissa officinalis [processed] →  [isolated_component] → Mentha spicata [processed] → Mentha spicata [processed] → Mentha spicata [processed] → Mentha spicata [processed] → Mentha spicata [processed] → Mentha spicata [processed] → Achillea millefolium [processed]
159,2,Melissa officinalis [compound_final];  [isolated_component],Melissa officinalis [compound_final] →  [isolated_component]
160,1,Mentha spicata [compound_final],Mentha spicata [compound_final]
161,1,Fermented tincture stage [fermented],Fermented tincture stage [fermented]
162,3,Mentha spicata [compound_final]; Mentha spicata [raw]; Alcohol extract carrier [alcohol_extract],Mentha spicata [compound_final] → Mentha spicata [raw] → Alcohol extract carrier [alcohol_extract]
163,5,Valeriana officinalis [compound_final]; Melissa officinalis [processed]; Mentha spicata [raw];  [isolated_component]; Alcohol extract carrier [alcohol_extract],Valeriana officinalis [compound_final] → Melissa officinalis [processed] → Mentha spicata [raw] →  [isolated_component] →  [isolated_component] →  [isolated_component] → Alcohol extract carrier [alcohol_extract] →  [isolated_component] → Mentha spicata [raw] → Melissa officinalis [processed] → Mentha spicata [raw]
164,3,Hypericum perforatum [compound_final]; Alcohol extract carrier [alcohol_extract]; Melissa officinalis [processed],Hypericum perforatum [compound_final] → Alcohol extract carrier [alcohol_extract] → Melissa officinalis [processed] → Alcohol extract carrier [alcohol_extract]
165,4,Mentha spicata [compound_final]; Alcohol extract carrier [alcohol_extract]; Mentha spicata [processed];  [isolated_component],Mentha spicata [compound_final] → Alcohol extract carrier [alcohol_extract] → Mentha spicata [processed] →  [isolated_component]
166,3,Mentha spicata [compound_final];  [isolated_component]; Alcohol extract carrier [alcohol_extract],Mentha spicata [compound_final] →  [isolated_component] → Alcohol extract carrier [alcohol_extract] → Alcohol extract carrier [alcohol_extract] → Alcohol extract carrier [alcohol_extract]
167,4,Mentha spicata [compound_final]; Mentha spicata [processed]; Mentha spicata [processed_extract];  [isolated_component],Mentha spicata [compound_final] → Mentha spicata [processed] → Mentha spicata [processed] → Mentha spicata [processed_extract] →  [isolated_component] →  [isolated_component] →  [isolated_component]
168,7,Mentha spicata [compound_final];  [isolated_component]; Melissa officinalis [processed]; Melissa officinalis [raw]; Mentha spicata [processed]; Mentha spicata [raw]; Alcohol extract carrier [alcohol_extract],Mentha spicata [compound_final] →  [isolated_component] → Melissa officinalis [processed] → Melissa officinalis [raw] →  [isolated_component] → Mentha spicata [processed] → Melissa officinalis [processed] → Melissa officinalis [raw] → Mentha spicata [raw] → Mentha spicata [raw] → Mentha spicata [processed] → Mentha spicata [processed] →  [isolated_component] → Mentha spicata [raw] →  [isolated_component] → Mentha spicata [processed] →  [isolated_component] → Mentha spicata [raw] → Mentha spicata [raw] → Mentha spicata [raw] →  [isolated_component] →  [isolated_component] →  [isolated_component] → Alcohol extract carrier [alcohol_extract]
169,6,Mentha spicata [compound_final];  [isolated_component]; Achillea millefolium [raw]; Alcohol extract carrier [alcohol_extract]; Mentha spicata [processed]; Mentha spicata [processed_extract],Mentha spicata [compound_final] →  [isolated_component] →  [isolated_component] → Achillea millefolium [raw] →  [isolated_component] →  [isolated_component] →  [isolated_component] → Alcohol extract carrier [alcohol_extract] → Mentha spicata [processed] →  [isolated_component] →  [isolated_component] →  [isolated_component] → Mentha spicata [processed_extract]
170,3,Mentha spicata [compound_final]; Mentha spicata [processed];  [isolated_component],Mentha spicata [compound_final] → Mentha spicata [processed] →  [isolated_component]
171,2,Melissa officinalis [compound_final]; Mentha spicata [raw],Melissa officinalis [compound_final] → Mentha spicata [raw]
172,6,Mentha spicata [compound_final];  [isolated_component]; Alcohol extract carrier [alcohol_extract]; Mentha spicata [raw]; Melissa officinalis [processed]; Mentha spicata [processed],Mentha spicata [compound_final] →  [isolated_component] → Alcohol extract carrier [alcohol_extract] → Mentha spicata [raw] → Melissa officinalis [processed] → Mentha spicata [processed] →  [isolated_component] → Mentha spicata [raw] →  [isolated_component]
173,1, [compound_final], [compound_final]
174,1,Mentha spicata [compound_final],Mentha spicata [compound_final]
175,2,Mentha spicata [compound_final]; Mentha spicata [processed],Mentha spicata [compound_final] → Mentha spicata [processed]
176,1,Mentha spicata [compound_final],Mentha spicata [compound_final]
177,1,Papaver somniferum [compound_final],Papaver somniferum [compound_final]
178,3,Mentha spicata [compound_final]; Mentha spicata [processed];  [isolated_component],Mentha spicata [compound_final] → Mentha spicata [processed] →  [isolated_component] → Mentha spicata [processed]
179,1, [compound_final], [compound_final]
180,3,Mentha spicata [compound_final];  [isolated_component]; Achillea millefolium [processed],Mentha spicata [compound_final] →  [isolated_component] → Achillea millefolium [processed]
181,5,Melissa officinalis [compound_final];  [isolated_component]; Mentha spicata [refined_extract]; Mentha spicata [processed]; Mentha spicata [raw],Melissa officinalis [compound_final] →  [isolated_component] → Mentha spicata [refined_extract] → Mentha spicata [processed] → Mentha spicata [raw] →  [isolated_component] → Mentha spicata [raw] →  [isolated_component]
182,4,Mentha spicata [compound_final]; Melissa officinalis [raw];  [isolated_component]; Mentha spicata [processed],Mentha spicata [compound_final] → Melissa officinalis [raw] →  [isolated_component] → Mentha spicata [processed]
183,4,Fermented tincture stage [fermented];  [isolated_component]; Mentha spicata [raw]; Alcohol extract carrier [alcohol_extract],Fermented tincture stage [fermented] →  [isolated_component] →  [isolated_component] →  [isolated_component] → Mentha spicata [raw] → Alcohol extract carrier [alcohol_extract] →  [isolated_component]
184,1,Mentha spicata [compound_final],Mentha spicata [compound_final]
185,14,Mentha spicata [compound_final];  [isolated_component]; Alcohol extract carrier [alcohol_extract]; Mentha spicata [raw]; Mentha spicata [processed]; Achillea millefolium [raw]; Mentha spicata [refined_extract]; Melissa officinalis [processed]; Melissa officinalis [raw]; Mentha spicata [oil_extract]; Hypericum perforatum [raw]; Achillea millefolium [processed];  [processed]; Hypericum perforatum [oil_extract],Mentha spicata [compound_final] →  [isolated_component] → Alcohol extract carrier [alcohol_extract] → Mentha spicata [raw] →  [isolated_component] →  [isolated_component] → Mentha spicata [processed] → Achillea millefolium [raw] → Alcohol extract carrier [alcohol_extract] → Mentha spicata [refined_extract] →  [isolated_component] → Melissa officinalis [processed] → Melissa officinalis [raw] → Mentha spicata [raw] → Mentha spicata [raw] → Mentha spicata [raw] → Mentha spicata [oil_extract] → Hypericum perforatum [raw] →  [isolated_component] → Mentha spicata [raw] → Mentha spicata [raw] → Achillea millefolium [processed] →  [processed] →  [processed] →  [isolated_component] →  [isolated_component] → Mentha spicata [raw] → Melissa officinalis [raw] → Mentha spicata [processed] → Hypericum perforatum [oil_extract] → Melissa officinalis [processed] → Mentha spicata [refined_extract] → Alcohol extract carrier [alcohol_extract] →  [isolated_component] →  [isolated_component] →  [isolated_component] → Hypericum perforatum [raw] → Achillea millefolium [raw] →  [isolated_component]
186,2,Mentha spicata [compound_final]; Mentha spicata [raw],Mentha spicata [compound_final] → Mentha spicata [raw]
187,6,Mentha spicata [compound_final];  [isolated_component]; Mentha spicata [raw]; Mentha spicata [processed]; Alcohol extract carrier [alcohol_extract]; Mentha spicata [processed_extract],Mentha spicata [compound_final] →  [isolated_component] → Mentha spicata [raw] → Mentha spicata [processed] →  [isolated_component] → Alcohol extract carrier [alcohol_extract] →  [isolated_component] →  [isolated_component] →  [isolated_component] → Mentha spicata [processed_extract]
188,2,Mentha spicata [compound_final]; Mentha spicata [processed],Mentha spicata [compound_final] → Mentha spicata [processed]
189,2,Mentha spicata [compound_final]; Mentha spicata [raw],Mentha spicata [compound_final] → Mentha spicata [raw]
190,3,Mentha spicata [compound_final]; Melissa officinalis [processed];  [isolated_component],Mentha spicata [compound_final] → Melissa officinalis [processed] →  [isolated_component]
191,5,Melissa officinalis [compound_final]; Mentha spicata [processed_extract];  [isolated_component]; Mentha spicata [raw]; Melissa officinalis [raw],Melissa officinalis [compound_final] → Mentha spicata [processed_extract] →  [isolated_component] → Mentha spicata [raw] → Melissa officinalis [raw] →  [isolated_component]
192,3,Mentha spicata [compound_final]; Mentha spicata [oil_extract]; Alcohol extract carrier [alcohol_extract],Mentha spicata [compound_final] → Mentha spicata [oil_extract] → Alcohol extract carrier [alcohol_extract]
193,3,Mentha spicata [compound_final];  [isolated_component]; Melissa officinalis [processed_extract],Mentha spicata [compound_final] →  [isolated_component] →  [isolated_component] →  [isolated_component] → Melissa officinalis [processed_extract] →  [isolated_component]
194,2,Hypericum perforatum [compound_final]; Alcohol extract carrier [alcohol_extract],Hypericum perforatum [compound_final] → Alcohol extract carrier [alcohol_extract]
195,3,Papaver somniferum [compound_final]; Mentha spicata [raw];  [isolated_component],Papaver somniferum [compound_final] → Mentha spicata [raw] →  [isolated_component]
196,5,Melissa officinalis [compound_final]; Alcohol extract carrier [alcohol_extract]; Mentha spicata [raw];  [isolated_component]; Mentha spicata [processed_extract],Melissa officinalis [compound_final] → Alcohol extract carrier [alcohol_extract] → Alcohol extract carrier [alcohol_extract] → Mentha spicata [raw] →  [isolated_component] → Mentha spicata [processed_extract]
197,1,Fermented tincture stage [fermented],Fermented tincture stage [fermented]
198,3,Humulus lupulus [compound_final];  [isolated_component]; Mentha spicata [processed],Humulus lupulus [compound_final] →  [isolated_component] → Mentha spicata [processed]
199,4,Mentha spicata [compound_final]; Mentha spicata [processed];  [isolated_component]; Papaver somniferum [raw],Mentha spicata [compound_final] → Mentha spicata [processed] →  [isolated_component] → Papaver somniferum [raw]
200,2, [compound_final];  [isolated_component], [compound_final] →  [isolated_component]
201,7, [compound_final]; Melissa officinalis [processed]; Alcohol extract carrier [alcohol_extract]; Mentha spicata [raw]; Hypericum perforatum [processed];  [isolated_component]; Mentha spicata [processed], [compound_final] → Melissa officinalis [processed] → Alcohol extract carrier [alcohol_extract] → Alcohol extract carrier [alcohol_extract] → Mentha spicata [raw] → Hypericum perforatum [processed] →  [isolated_component] → Mentha spicata [processed] → Mentha spicata [raw]
202,1,Mentha spicata [compound_final],Mentha spicata [compound_final]
203,3, [compound_final]; Melissa officinalis [processed];  [isolated_component], [compound_final] → Melissa officinalis [processed] →  [isolated_component]
204,1,Mentha spicata [compound_final],Mentha spicata [compound_final]
205,3,Melissa officinalis [compound_final];  [isolated_component]; Hypericum perforatum [processed],Melissa officinalis [compound_final] →  [isolated_component] → Hypericum perforatum [processed] →  [isolated_component]
206,1,Mentha spicata [compound_final],Mentha spicata [compound_final]
207,2,Mentha spicata [compound_final];  [isolated_component],Mentha spicata [compound_final] →  [isolated_component]
208,6,Melissa officinalis [compound_final]; Alcohol extract carrier [alcohol_extract];  [isolated_component]; Mentha spicata [raw]; Melissa officinalis [processed]; Hypericum perforatum [raw],Melissa officinalis [compound_final] → Alcohol extract carrier [alcohol_extract] →  [isolated_component] →  [isolated_component] → Alcohol extract carrier [alcohol_extract] → Alcohol extract carrier [alcohol_extract] →  [isolated_component] → Mentha spicata [raw] → Melissa officinalis [processed] → Alcohol extract carrier [alcohol_extract] → Hypericum perforatum [raw]
209,1, [compound_final], [compound_final]
210,2, [compound_final];  [isolated_component], [compound_final] →  [isolated_component] →  [isolated_component] →  [isolated_component]
211,3,Mentha spicata [compound_final]; Alcohol extract carrier [alcohol_extract];  [isolated_component],Mentha spicata [compound_final] → Alcohol extract carrier [alcohol_extract] → Alcohol extract carrier [alcohol_extract] →  [isolated_component] →  [isolated_component] →  [isolated_component]
212,1, [compound_final], [compound_final]
213,1,Mentha spicata [compound_final],Mentha spicata [compound_final]
214,2, [compound_final];  [isolated_component], [compound_final] →  [isolated_component]
215,1, [compound_final], [compound_final]
216,1,Mentha spicata [compound_final],Mentha spicata [compound_final]
217,2,Melissa officinalis [compound_final]; Mentha spicata [raw],Melissa officinalis [compound_final] → Mentha spicata [raw]
218,3,Fermented tincture stage [fermented];  [isolated_component]; Achillea millefolium [raw],Fermented tincture stage [fermented] →  [isolated_component] →  [isolated_component] → Achillea millefolium [raw] →  [isolated_component]
219,4, [compound_final];  [isolated_component]; Mentha spicata [raw]; Achillea millefolium [raw], [compound_final] →  [isolated_component] →  [isolated_component] →  [isolated_component] → Mentha spicata [raw] → Achillea millefolium [raw] →  [isolated_component]
220,2, [compound_final];  [isolated_component], [compound_final] →  [isolated_component] →  [isolated_component]
221,3,Mentha spicata [compound_final]; Mentha spicata [raw]; Mentha spicata [refined_extract],Mentha spicata [compound_final] → Mentha spicata [raw] → Mentha spicata [refined_extract]
222,3,Fermented tincture stage [fermented];  [isolated_component]; Alcohol extract carrier [alcohol_extract],Fermented tincture stage [fermented] →  [isolated_component] → Alcohol extract carrier [alcohol_extract]
223,3, [compound_final]; Alcohol extract carrier [alcohol_extract];  [isolated_component], [compound_final] → Alcohol extract carrier [alcohol_extract] →  [isolated_component]
224,1, [compound_final], [compound_final]
225,2,Melissa officinalis [compound_final]; Mentha spicata [raw],Melissa officinalis [compound_final] → Mentha spicata [raw]
226,2,Mentha spicata [compound_final];  [isolated_component],Mentha spicata [compound_final] →  [isolated_component] →  [isolated_component]
227,1,Fermented tincture stage [fermented],Fermented tincture stage [fermented]
228,1,Mentha spicata [compound_final],Mentha spicata [compound_final]
229,4,Melissa officinalis [compound_final]; Melissa officinalis [processed]; Alcohol extract carrier [alcohol_extract]; Mentha spicata [processed_extract],Melissa officinalis [compound_final] → Melissa officinalis [processed] → Alcohol extract carrier [alcohol_extract] → Melissa officinalis [processed] → Mentha spicata [processed_extract] → Alcohol extract carrier [alcohol_extract]
230,6,Mentha spicata [compound_final]; Mentha spicata [raw]; Alcohol extract carrier [alcohol_extract];  [isolated_component]; Mentha spicata [processed]; Mentha spicata [processed_extract],Mentha spicata [compound_final] → Mentha spicata [raw] → Alcohol extract carrier [alcohol_extract] → Alcohol extract carrier [alcohol_extract] →  [isolated_component] → Alcohol extract carrier [alcohol_extract] → Mentha spicata [processed] → Mentha spicata [processed_extract]
231,2,Mentha spicata [compound_final]; Melissa officinalis [raw],Mentha spicata [compound_final] → Melissa officinalis [raw]
232,1,Mentha spicata [compound_final],Mentha spicata [compound_final]
233,1,Mentha spicata [compound_final],Mentha spicata [compound_final]
234,2,Mentha spicata [compound_final];  [isolated_component],Mentha spicata [compound_final] →  [isolated_component]
235,4, [compound_final]; Mentha spicata [raw];  [isolated_component]; Alcohol extract carrier [alcohol_extract], [compound_final] → Mentha spicata [raw] →  [isolated_component] →  [isolated_component] → Alcohol extract carrier [alcohol_extract]
236,2,Hypericum perforatum [compound_final]; Mentha spicata [processed],Hypericum perforatum [compound_final] → Mentha spicata [processed]
237,1,Mentha spicata [compound_final],Mentha spicata [compound_final]
238,1,Mentha spicata [compound_final],Mentha spicata [compound_final]
239,1,Fermented tincture stage [fermented],Fermented tincture stage [fermented]
240,5,Fermented tincture stage [fermented];  [isolated_component]; Alcohol extract carrier [alcohol_extract]; Mentha spicata [processed]; Mentha spicata [raw],Fermented tincture stage [fermented] →  [isolated_component] → Alcohol extract carrier [alcohol_extract] →  [isolated_component] →  [isolated_component] → Alcohol extract carrier [alcohol_extract] → Mentha spicata [processed] → Mentha spicata [raw]
241,4,Melissa officinalis [compound_final]; Mentha spicata [raw]; Mentha spicata [processed];  [isolated_component],Melissa officinalis [compound_final] → Mentha spicata [raw] → Mentha spicata [processed] →  [isolated_component] → Mentha spicata [raw]
242,8,Melissa officinalis [compound_final]; Mentha spicata [raw]; Mentha spicata [refined_extract]; Mentha spicata [processed]; Melissa officinalis [processed]; Melissa officinalis [raw];  [isolated_component]; Alcohol extract carrier [alcohol_extract],Melissa officinalis [compound_final] → Mentha spicata [raw] → Mentha spicata [refined_extract] → Mentha spicata [processed] → Melissa officinalis [processed] → Melissa officinalis [raw] → Mentha spicata [processed] →  [isolated_component] → Alcohol extract carrier [alcohol_extract] →  [isolated_component] →  [isolated_component]
243,2, [compound_final]; Alcohol extract carrier [alcohol_extract], [compound_final] → Alcohol extract carrier [alcohol_extract]
244,4, [compound_final]; Mentha spicata [raw]; Mentha spicata [processed];  [isolated_component], [compound_final] → Mentha spicata [raw] → Mentha spicata [processed] →  [isolated_component] → Mentha spicata [processed]
245,2,Melissa officinalis [compound_final];  [isolated_component],Melissa officinalis [compound_final] →  [isolated_component]
246,6,Mentha spicata [compound_final]; Alcohol extract carrier [alcohol_extract];  [isolated_component];  [processed]; Mentha spicata [raw]; Mentha spicata [processed],Mentha spicata [compound_final] → Alcohol extract carrier [alcohol_extract] →  [isolated_component] →  [processed] → Mentha spicata [raw] →  [isolated_component] → Mentha spicata [processed]
247,2,Mentha spicata [compound_final];  [isolated_component],Mentha spicata [compound_final] →  [isolated_component]
248,4, [compound_final]; Alcohol extract carrier [alcohol_extract]; Mentha spicata [raw];  [isolated_component], [compound_final] → Alcohol extract carrier [alcohol_extract] → Mentha spicata [raw] →  [isolated_component]
249,3,Fermented tincture stage [fermented]; Mentha spicata [raw]; Mentha spicata [oil_extract],Fermented tincture stage [fermented] → Mentha spicata [raw] → Mentha spicata [oil_extract]
250,2,Mentha spicata [compound_final];  [isolated_component],Mentha spicata [compound_final] →  [isolated_component]
251,1,Fermented tincture stage [fermented],Fermented tincture stage [fermented]
252,1, [compound_final], [compound_final]
253,2,Melissa officinalis [compound_final]; Mentha spicata [processed],Melissa officinalis [compound_final] → Mentha spicata [processed]
254,5,Mentha spicata [compound_final]; Mentha spicata [raw]; Mentha spicata [processed]; Melissa officinalis [raw];  [isolated_component],Mentha spicata [compound_final] → Mentha spicata [raw] → Mentha spicata [processed] → Melissa officinalis [raw] →  [isolated_component]
255,7,Mentha spicata [compound_final]; Alcohol extract carrier [alcohol_extract]; Mentha spicata [processed];  [isolated_component]; Melissa officinalis [oil_extract]; Mentha spicata [refined_extract]; Mentha spicata [raw],Mentha spicata [compound_final] → Alcohol extract carrier [alcohol_extract] → Mentha spicata [processed] →  [isolated_component] →  [isolated_component] → Melissa officinalis [oil_extract] →  [isolated_component] → Mentha spicata [refined_extract] →  [isolated_component] →  [isolated_component] → Mentha spicata [processed] →  [isolated_component] → Mentha spicata [raw] → Mentha spicata [processed] →  [isolated_component]
256,2,Achillea millefolium [compound_final];  [isolated_component],Achillea millefolium [compound_final] →  [isolated_component] →  [isolated_component] →  [isolated_component]
257,3,Achillea millefolium [compound_final]; Achillea millefolium [processed];  [isolated_component],Achillea millefolium [compound_final] → Achillea millefolium [processed] →  [isolated_component] →  [isolated_component]
258,3, [compound_final]; Mentha spicata [processed];  [isolated_component], [compound_final] → Mentha spicata [processed] →  [isolated_component]
259,4, [compound_final];  [isolated_component]; Mentha spicata [raw]; Melissa officinalis [raw], [compound_final] →  [isolated_component] → Mentha spicata [raw] → Melissa officinalis [raw] →  [isolated_component] →  [isolated_component] →  [isolated_component] →  [isolated_component]
260,1,Fermented tincture stage [fermented],Fermented tincture stage [fermented]
261,4,Mentha spicata [compound_final]; Mentha spicata [processed_extract]; Mentha spicata [raw];  [isolated_component],Mentha spicata [compound_final] → Mentha spicata [processed_extract] → Mentha spicata [raw] → Mentha spicata [raw] →  [isolated_component]
262,6,Papaver somniferum [compound_final];  [isolated_component]; Mentha spicata [processed]; Mentha spicata [raw]; Melissa officinalis [processed]; Mentha spicata [processed_extract],Papaver somniferum [compound_final] →  [isolated_component] → Mentha spicata [processed] → Mentha spicata [raw] → Melissa officinalis [processed] →  [isolated_component] →  [isolated_component] → Mentha spicata [processed_extract]
263,2,Mentha spicata [compound_final]; Mentha spicata [raw],Mentha spicata [compound_final] → Mentha spicata [raw]
264,3,Mentha spicata [compound_final]; Mentha spicata [processed_extract]; Hypericum perforatum [processed],Mentha spicata [compound_final] → Mentha spicata [processed_extract] → Hypericum perforatum [processed]
265,1,Fermented tincture stage [fermented],Fermented tincture stage [fermented]
266,3, [compound_final];  [isolated_component]; Mentha spicata [raw], [compound_final] →  [isolated_component] →  [isolated_component] →  [isolated_component] → Mentha spicata [raw]
267,3,Hypericum perforatum [compound_final]; Mentha spicata [processed];  [isolated_component],Hypericum perforatum [compound_final] → Mentha spicata [processed] →  [isolated_component]
268,1,Fermented tincture stage [fermented],Fermented tincture stage [fermented]
269,3,Fermented tincture stage [fermented]; Mentha spicata [raw]; Mentha spicata [processed],Fermented tincture stage [fermented] → Mentha spicata [raw] → Mentha spicata [raw] → Mentha spicata [processed]
270,1,Mentha spicata [compound_final],Mentha spicata [compound_final]
271,1,Achillea millefolium [compound_final],Achillea millefolium [compound_final]
272,3, [compound_final];  [isolated_component]; Alcohol extract carrier [alcohol_extract], [compound_final] →  [isolated_component] → Alcohol extract carrier [alcohol_extract]
273,8,Fermented tincture stage [fermented];  [isolated_component]; Hypericum perforatum [processed]; Mentha spicata [raw]; Mentha spicata [processed]; Mentha spicata [oil_extract]; Melissa officinalis [raw]; Humulus lupulus [raw],Fermented tincture stage [fermented] →  [isolated_component] → Hypericum perforatum [processed] → Mentha spicata [raw] → Mentha spicata [processed] →  [isolated_component] → Mentha spicata [raw] → Mentha spicata [raw] → Mentha spicata [oil_extract] → Mentha spicata [processed] → Mentha spicata [raw] → Mentha spicata [raw] → Melissa officinalis [raw] → Hypericum perforatum [processed] → Mentha spicata [processed] → Humulus lupulus [raw] → Mentha spicata [processed] →  [isolated_component]
274,3,Fermented tincture stage [fermented];  [isolated_component]; Mentha spicata [raw],Fermented tincture stage [fermented] →  [isolated_component] → Mentha spicata [raw]
275,3,Fermented tincture stage [fermented];  [isolated_component]; Mentha spicata [raw],Fermented tincture stage [fermented] →  [isolated_component] →  [isolated_component] → Mentha spicata [raw]
276,5,Fermented tincture stage [fermented]; Mentha spicata [raw];  [isolated_component]; Mentha spicata [processed]; Alcohol extract carrier [alcohol_extract],Fermented tincture stage [fermented] → Mentha spicata [raw] →  [isolated_component] → Mentha spicata [processed] → Alcohol extract carrier [alcohol_extract] →  [isolated_component]
277,2,Fermented tincture stage [fermented];  [isolated_component],Fermented tincture stage [fermented] →  [isolated_component] →  [isolated_component]
278,1,Papaver somniferum [compound_final],Papaver somniferum [compound_final]
279,1,Mentha spicata [compound_final],Mentha spicata [compound_final]
280,2,Papaver somniferum [compound_final];  [isolated_component],Papaver somniferum [compound_final] →  [isolated_component] →  [isolated_component] →  [isolated_component]
281,1,Artemisia absinthium [compound_final],Artemisia absinthium [compound_final]
282,1,Artemisia absinthium [compound_final],Artemisia absinthium [compound_final]
283,4,Papaver somniferum [compound_final];  [isolated_component]; Mentha spicata [processed]; Mentha spicata [raw],Papaver somniferum [compound_final] →  [isolated_component] → Mentha spicata [processed] → Mentha spicata [raw] →  [isolated_component]
284,2,Mentha spicata [compound_final]; Alcohol extract carrier [alcohol_extract],Mentha spicata [compound_final] → Alcohol extract carrier [alcohol_extract] → Alcohol extract carrier [alcohol_extract]
285,2,Mentha spicata [compound_final]; Melissa officinalis [raw],Mentha spicata [compound_final] → Melissa officinalis [raw] → Melissa officinalis [raw]
286,1,Mentha spicata [compound_final],Mentha spicata [compound_final]
287,1, [compound_final], [compound_final]
288,3,Mentha spicata [compound_final];  [isolated_component]; Mentha spicata [oil_extract],Mentha spicata [compound_final] →  [isolated_component] →  [isolated_component] →  [isolated_component] → Mentha spicata [oil_extract] →  [isolated_component] →  [isolated_component]
289,2,Hypericum perforatum [compound_final]; Mentha spicata [processed_extract],Hypericum perforatum [compound_final] → Mentha spicata [processed_extract]
290,5,Hypericum perforatum [compound_final];  [isolated_component]; Mentha spicata [processed]; Mentha spicata [raw]; Melissa officinalis [raw],Hypericum perforatum [compound_final] →  [isolated_component] →  [isolated_component] → Mentha spicata [processed] →  [isolated_component] → Mentha spicata [processed] →  [isolated_component] →  [isolated_component] → Mentha spicata [raw] →  [isolated_component] →  [isolated_component] → Melissa officinalis [raw] →  [isolated_component]
291,2,Mentha spicata [compound_final]; Mentha spicata [processed],Mentha spicata [compound_final] → Mentha spicata [processed]
292,1, [compound_final], [compound_final]
293,3, [compound_final];  [isolated_component]; Mentha spicata [raw], [compound_final] →  [isolated_component] → Mentha spicata [raw] → Mentha spicata [raw]
294,1,Fermented tincture stage [fermented],Fermented tincture stage [fermented]
295,2,Fermented tincture stage [fermented]; Mentha spicata [processed],Fermented tincture stage [fermented] → Mentha spicata [processed]
296,1, [compound_final], [compound_final]
297,2,Artemisia absinthium [compound_final];  [isolated_component],Artemisia absinthium [compound_final] →  [isolated_component] →  [isolated_component]
298,2,Mentha spicata [compound_final]; Alcohol extract carrier [alcohol_extract],Mentha spicata [compound_final] → Alcohol extract carrier [alcohol_extract]
299,2,Melissa officinalis [compound_final]; Mentha spicata [raw],Melissa officinalis [compound_final] → Mentha spicata [raw]
300,5,Melissa officinalis [compound_final]; Alcohol extract carrier [alcohol_extract];  [isolated_component]; Mentha spicata [raw]; Mentha spicata [processed],Melissa officinalis [compound_final] → Alcohol extract carrier [alcohol_extract] →  [isolated_component] → Mentha spicata [raw] → Mentha spicata [processed] →  [isolated_component]
301,2,Mentha spicata [compound_final]; Mentha spicata [processed],Mentha spicata [compound_final] → Mentha spicata [processed]
302,6,Mentha spicata [compound_final]; Mentha spicata [processed_extract];  [isolated_component]; Mentha spicata [raw]; Mentha spicata [processed]; Hypericum perforatum [processed],Mentha spicata [compound_final] → Mentha spicata [processed_extract] →  [isolated_component] → Mentha spicata [raw] → Mentha spicata [processed] →  [isolated_component] → Hypericum perforatum [processed] → Mentha spicata [raw] → Mentha spicata [processed_extract]
303,1,Mentha spicata [compound_final],Mentha spicata [compound_final]
304,1, [compound_final], [compound_final]
305,5, [compound_final]; Humulus lupulus [processed];  [isolated_component]; Alcohol extract carrier [alcohol_extract]; Mentha spicata [raw], [compound_final] → Humulus lupulus [processed] →  [isolated_component] →  [isolated_component] →  [isolated_component] →  [isolated_component] → Alcohol extract carrier [alcohol_extract] → Mentha spicata [raw]
306,1,Mentha spicata [compound_final],Mentha spicata [compound_final]
307,5,Mentha spicata [compound_final]; Mentha spicata [processed];  [isolated_component]; Mentha spicata [raw]; Achillea millefolium [raw],Mentha spicata [compound_final] → Mentha spicata [processed] → Mentha spicata [processed] →  [isolated_component] → Mentha spicata [raw] → Achillea millefolium [raw] → Mentha spicata [processed] →  [isolated_component] →  [isolated_component] →  [isolated_component]
308,9,Mentha spicata [compound_final]; Mentha spicata [processed];  [isolated_component]; Mentha spicata [raw]; Mentha spicata [processed_extract]; Artemisia absinthium [raw]; Achillea millefolium [processed]; Hypericum perforatum [processed]; Alcohol extract carrier [alcohol_extract],Mentha spicata [compound_final] → Mentha spicata [processed] →  [isolated_component] →  [isolated_component] → Mentha spicata [raw] → Mentha spicata [processed] → Mentha spicata [processed] → Mentha spicata [processed_extract] →  [isolated_component] → Mentha spicata [raw] → Mentha spicata [processed] → Artemisia absinthium [raw] →  [isolated_component] →  [isolated_component] →  [isolated_component] →  [isolated_component] → Achillea millefolium [processed] →  [isolated_component] →  [isolated_component] → Hypericum perforatum [processed] →  [isolated_component] → Alcohol extract carrier [alcohol_extract] →  [isolated_component] →  [isolated_component] →  [isolated_component]
309,2, [compound_final]; Mentha spicata [processed], [compound_final] → Mentha spicata [processed]
310,4,Mentha spicata [compound_final];  [isolated_component]; Mentha spicata [raw]; Hypericum perforatum [processed],Mentha spicata [compound_final] →  [isolated_component] →  [isolated_component] →  [isolated_component] →  [isolated_component] →  [isolated_component] → Mentha spicata [raw] →  [isolated_component] → Hypericum perforatum [processed] →  [isolated_component]
311,5,Mentha spicata [compound_final];  [isolated_component]; Mentha spicata [raw]; Mentha spicata [processed]; Alcohol extract carrier [alcohol_extract],Mentha spicata [compound_final] →  [isolated_component] → Mentha spicata [raw] → Mentha spicata [raw] →  [isolated_component] →  [isolated_component] → Mentha spicata [processed] →  [isolated_component] → Mentha spicata [raw] → Alcohol extract carrier [alcohol_extract]
312,8,Mentha spicata [compound_final]; Mentha spicata [processed]; Hypericum perforatum [processed];  [isolated_component]; Achillea millefolium [processed]; Humulus lupulus [raw]; Melissa officinalis [processed_extract]; Mentha spicata [raw],Mentha spicata [compound_final] → Mentha spicata [processed] → Hypericum perforatum [processed] →  [isolated_component] → Achillea millefolium [processed] → Humulus lupulus [raw] → Melissa officinalis [processed_extract] →  [isolated_component] → Mentha spicata [raw]
313,1,Fermented tincture stage [fermented],Fermented tincture stage [fermented]
314,10,Fermented tincture stage [fermented]; Mentha spicata [processed]; Melissa officinalis [raw];  [isolated_component]; Artemisia absinthium [processed]; Melissa officinalis [oil_extract]; Mentha spicata [refined_extract]; Mentha spicata [raw]; Melissa officinalis [processed]; Hypericum perforatum [processed],Fermented tincture stage [fermented] → Mentha spicata [processed] → Melissa officinalis [raw] →  [isolated_component] →  [isolated_component] → Artemisia absinthium [processed] →  [isolated_component] →  [isolated_component] →  [isolated_component] → Melissa officinalis [oil_extract] →  [isolated_component] →  [isolated_component] → Mentha spicata [refined_extract] →  [isolated_component] →  [isolated_component] → Mentha spicata [processed] → Mentha spicata [raw] → Melissa officinalis [processed] → Hypericum perforatum [processed] → Mentha spicata [raw]
315,1,Mentha spicata [compound_final],Mentha spicata [compound_final]
316,5,Hypericum perforatum [compound_final];  [isolated_component]; Mentha spicata [raw]; Achillea millefolium [processed]; Artemisia absinthium [raw],Hypericum perforatum [compound_final] →  [isolated_component] → Mentha spicata [raw] → Achillea millefolium [processed] → Artemisia absinthium [raw]
317,2,Hypericum perforatum [compound_final]; Achillea millefolium [raw],Hypericum perforatum [compound_final] → Achillea millefolium [raw]
318,4, [compound_final]; Mentha spicata [raw]; Mentha spicata [processed]; Valeriana officinalis [raw], [compound_final] → Mentha spicata [raw] → Mentha spicata [processed] → Valeriana officinalis [raw]
319,4,Mentha spicata [compound_final];  [isolated_component]; Papaver somniferum [raw]; Achillea millefolium [processed],Mentha spicata [compound_final] →  [isolated_component] → Papaver somniferum [raw] →  [isolated_component] →  [isolated_component] →  [isolated_component] →  [isolated_component] → Achillea millefolium [processed]
320,1,Mentha spicata [compound_final],Mentha spicata [compound_final]
321,4,Mentha spicata [compound_final];  [isolated_component]; Mentha spicata [processed]; Humulus lupulus [processed_extract],Mentha spicata [compound_final] →  [isolated_component] → Mentha spicata [processed] → Humulus lupulus [processed_extract] →  [isolated_component] →  [isolated_component] →  [isolated_component] →  [isolated_component]
322,5, [compound_final]; Humulus lupulus [oil_extract];  [isolated_component]; Mentha spicata [raw]; Mentha spicata [refined_extract], [compound_final] → Humulus lupulus [oil_extract] →  [isolated_component] →  [isolated_component] → Mentha spicata [raw] → Mentha spicata [refined_extract] →  [isolated_component] →  [isolated_component] →  [isolated_component] →  [isolated_component] →  [isolated_component] →  [isolated_component]
323,4,Humulus lupulus [compound_final]; Melissa officinalis [processed]; Mentha spicata [raw];  [isolated_component],Humulus lupulus [compound_final] → Melissa officinalis [processed] → Mentha spicata [raw] →  [isolated_component] → Mentha spicata [raw] →  [isolated_component] →  [isolated_component]
324,4,Melissa officinalis [compound_final];  [isolated_component]; Mentha spicata [raw]; Achillea millefolium [raw],Melissa officinalis [compound_final] →  [isolated_component] →  [isolated_component] → Mentha spicata [raw] → Achillea millefolium [raw] →  [isolated_component] →  [isolated_component] →  [isolated_component]
325,1,Melissa officinalis [compound_final],Melissa officinalis [compound_final]
326,2,Mentha spicata [compound_final];  [isolated_component],Mentha spicata [compound_final] →  [isolated_component]
327,4,Achillea millefolium [compound_final]; Mentha spicata [processed]; Mentha spicata [raw]; Melissa officinalis [raw],Achillea millefolium [compound_final] → Mentha spicata [processed] → Mentha spicata [raw] → Melissa officinalis [raw]
328,6,Melissa officinalis [compound_final];  [isolated_component]; Mentha spicata [processed]; Mentha spicata [raw]; Melissa officinalis [raw]; Artemisia absinthium [raw],Melissa officinalis [compound_final] →  [isolated_component] → Mentha spicata [processed] → Mentha spicata [raw] → Melissa officinalis [raw] → Artemisia absinthium [raw]
329,3,Mentha spicata [compound_final]; Papaver somniferum [raw];  [isolated_component],Mentha spicata [compound_final] → Papaver somniferum [raw] →  [isolated_component] → Papaver somniferum [raw]
330,1,Fermented tincture stage [fermented],Fermented tincture stage [fermented]
331,3,Mentha spicata [compound_final];  [isolated_component]; Mentha spicata [raw],Mentha spicata [compound_final] →  [isolated_component] → Mentha spicata [raw]
332,4, [compound_final];  [isolated_component]; Hypericum perforatum [raw]; Alcohol extract carrier [alcohol_extract], [compound_final] →  [isolated_component] → Hypericum perforatum [raw] → Alcohol extract carrier [alcohol_extract] → Alcohol extract carrier [alcohol_extract] →  [isolated_component] →  [isolated_component]
333,4,Mentha spicata [compound_final]; Mentha spicata [raw]; Mentha spicata [processed_extract]; Mentha spicata [processed],Mentha spicata [compound_final] → Mentha spicata [raw] → Mentha spicata [processed_extract] → Mentha spicata [processed] → Mentha spicata [processed]
334,3,Mentha spicata [compound_final];  [isolated_component]; Mentha spicata [processed],Mentha spicata [compound_final] →  [isolated_component] → Mentha spicata [processed]
335,1,Mentha spicata [compound_final],Mentha spicata [compound_final]
336,3,Mentha spicata [compound_final];  [isolated_component]; Papaver somniferum [raw],Mentha spicata [compound_final] →  [isolated_component] → Papaver somniferum [raw] →  [isolated_component] →  [isolated_component]
337,3,Humulus lupulus [compound_final]; Mentha spicata [raw]; Alcohol extract carrier [alcohol_extract],Humulus lupulus [compound_final] → Mentha spicata [raw] → Alcohol extract carrier [alcohol_extract]
338,7,Mentha spicata [compound_final]; Alcohol extract carrier [alcohol_extract]; Melissa officinalis [processed]; Mentha spicata [oil_extract]; Mentha spicata [raw];  [isolated_component]; Mentha spicata [processed],Mentha spicata [compound_final] → Alcohol extract carrier [alcohol_extract] → Melissa officinalis [processed] → Mentha spicata [oil_extract] → Mentha spicata [raw] →  [isolated_component] →  [isolated_component] → Mentha spicata [processed] → Mentha spicata [raw] → Mentha spicata [raw]
339,5,Papaver somniferum [compound_final];  [isolated_component]; Mentha spicata [processed]; Mentha spicata [raw]; Papaver somniferum [processed],Papaver somniferum [compound_final] →  [isolated_component] → Mentha spicata [processed] → Mentha spicata [processed] → Mentha spicata [raw] → Papaver somniferum [processed] →  [isolated_component] →  [isolated_component]
340,6, [compound_final];  [isolated_component]; Mentha spicata [raw]; Mentha spicata [processed]; Mentha spicata [refined_extract]; Alcohol extract carrier [alcohol_extract], [compound_final] →  [isolated_component] →  [isolated_component] → Mentha spicata [raw] → Mentha spicata [processed] →  [isolated_component] → Mentha spicata [raw] → Mentha spicata [refined_extract] → Mentha spicata [processed] → Alcohol extract carrier [alcohol_extract] → Alcohol extract carrier [alcohol_extract]
341,1, [compound_final], [compound_final]
342,1,Hypericum perforatum [compound_final],Hypericum perforatum [compound_final]
343,2, [compound_final]; Mentha spicata [raw], [compound_final] → Mentha spicata [raw] → Mentha spicata [raw] → Mentha spicata [raw]
344,1,Hypericum perforatum [compound_final],Hypericum perforatum [compound_final]
345,3,Mentha spicata [compound_final];  [isolated_component]; Mentha spicata [raw],Mentha spicata [compound_final] →  [isolated_component] → Mentha spicata [raw] →  [isolated_component]
346,3, [compound_final];  [isolated_component]; Achillea millefolium [processed], [compound_final] →  [isolated_component] → Achillea millefolium [processed]
347,2,Mentha spicata [compound_final]; Mentha spicata [processed],Mentha spicata [compound_final] → Mentha spicata [processed]
348,5,Mentha spicata [compound_final]; Mentha spicata [processed_extract]; Alcohol extract carrier [alcohol_extract];  [isolated_component]; Mentha spicata [raw],Mentha spicata [compound_final] → Mentha spicata [processed_extract] → Alcohol extract carrier [alcohol_extract] →  [isolated_component] →  [isolated_component] →  [isolated_component] → Mentha spicata [raw]
349,4,Mentha spicata [compound_final]; Mentha spicata [raw]; Alcohol extract carrier [alcohol_extract];  [isolated_component],Mentha spicata [compound_final] → Mentha spicata [raw] → Alcohol extract carrier [alcohol_extract] → Mentha spicata [raw] →  [isolated_component] →  [isolated_component] →  [isolated_component]
350,2,Melissa officinalis [compound_final]; Hypericum perforatum [processed],Melissa officinalis [compound_final] → Hypericum perforatum [processed]
351,2,Mentha spicata [compound_final]; Mentha spicata [processed],Mentha spicata [compound_final] → Mentha spicata [processed]
352,5,Mentha spicata [compound_final]; Hypericum perforatum [processed]; Melissa officinalis [raw];  [isolated_component]; Mentha spicata [processed],Mentha spicata [compound_final] → Hypericum perforatum [processed] → Melissa officinalis [raw] →  [isolated_component] → Mentha spicata [processed] →  [isolated_component]
353,1,Mentha spicata [compound_final],Mentha spicata [compound_final]
354,1,Fermented tincture stage [fermented],Fermented tincture stage [fermented]
355,2,Mentha spicata [compound_final];  [isolated_component],Mentha spicata [compound_final] →  [isolated_component]
356,2,Mentha spicata [compound_final]; Mentha spicata [raw],Mentha spicata [compound_final] → Mentha spicata [raw]
357,1,Mentha spicata [compound_final],Mentha spicata [compound_final]
