voynich_token,latin_name,common_name,confidence
ydain,Hypericum perforatum,St Johns wort,0
okeo,Melissa officinalis,Lemon balm,0
chcthey,Melissa officinalis,Lemon balm,0
sheeol,Mentha spicata,Spearmint,0
qol,Mentha spicata,Spearmint,0
sheal,Mentha spicata,Spearmint,0
chkeeal,Mentha spicata,Spearmint,0
cheok,Papaver somniferum,Opium poppy,0
chekeek,Melissa officinalis,Lemon balm,0
daii,Mentha spicata,Spearmint,0
ykchol,Papaver somniferum,Opium poppy,0
shoda,Papaver somniferum,Opium poppy,0
otleey,Mentha spicata,Spearmint,0
ytchdy,Mentha spicata,Spearmint,0
chkeey,Humulus lupulus,Hops,0
shl,Mentha spicata,Spearmint,0
qotchdal,Mentha spicata,Spearmint,0
cphoal,Mentha spicata,Spearmint,0
cheaiin,Mentha spicata,Spearmint,0
qokeeody,Fermented tincture stage,Tincture intermediate,0
ls,Mentha spicata,Spearmint,0
cheodal,Mentha spicata,Spearmint,0
ytar,Mentha spicata,Spearmint,0
cheeeo,Mentha spicata,Spearmint,0
okeor,Mentha spicata,Spearmint,0
okshdy,Hypericum perforatum,St Johns wort,0
qokeeey,Fermented tincture stage,Tincture intermediate,0
okechdy,Melissa officinalis,Lemon balm,0
ykodai,Mentha spicata,Spearmint,0
qoke,Mentha spicata,Spearmint,0
oai,Mentha spicata,Spearmint,0
shypchedy,Mentha spicata,Spearmint,0
tey,Melissa officinalis,Lemon balm,0
qopcha,Melissa officinalis,Lemon balm,0
qopchchs,Melissa officinalis,Lemon balm,0
qool,Alcohol extract carrier,Solvent carrier,0
cheeokeey,Alcohol extract carrier,Solvent carrier,0
yteeody,Melissa officinalis,Lemon balm,0
chkshy,Achillea millefolium,Yarrow,0
ool,Alcohol extract carrier,Solvent carrier,0
shechy,Artemisia absinthium,Wormwood,0
shckhshe,Achillea millefolium,Yarrow,0
ykeo,Mentha spicata,Spearmint,0
chechey,Achillea millefolium,Yarrow,0
ykeeoly,Mentha spicata,Spearmint,0
otalshdy,Mentha spicata,Spearmint,0
oeedaiin,Melissa officinalis,Lemon balm,0
okeady,Mentha spicata,Spearmint,0
olshe,Mentha spicata,Spearmint,0
qokaiy,Mentha spicata,Spearmint,0
ockheody,Alcohol extract carrier,Solvent carrier,0
chckhol,Alcohol extract carrier,Solvent carrier,0
cheeir,Mentha spicata,Spearmint,0
okeealy,Mentha spicata,Spearmint,0
olkechy,Papaver somniferum,Opium poppy,0
oiin,Achillea millefolium,Yarrow,0
qockhor,Mentha spicata,Spearmint,0
chokedy,Mentha spicata,Spearmint,0
eor,Mentha spicata,Spearmint,0
oteodaiin,Alcohol extract carrier,Solvent carrier,0
cheolor,Mentha spicata,Spearmint,0
ytaly,Mentha spicata,Spearmint,0
okeeody,Achillea millefolium,Yarrow,0
oteeaiin,Mentha spicata,Spearmint,0
oteaiin,Melissa officinalis,Lemon balm,0
ylchedar,Alcohol extract carrier,Solvent carrier,0
chekody,Mentha spicata,Spearmint,0
otoam,Melissa officinalis,Lemon balm,0
akeey,Melissa officinalis,Lemon balm,0
cthan,Mentha spicata,Spearmint,0
ykeodaiin,Mentha spicata,Spearmint,0
koiin,Alcohol extract carrier,Solvent carrier,0
cpheey,Mentha spicata,Spearmint,0
otshedy,Mentha spicata,Spearmint,0
c,Mentha spicata,Spearmint,0
yol,Mentha spicata,Spearmint,0
cheeteey,Achillea millefolium,Yarrow,0
fcho,Mentha spicata,Spearmint,0
oksheey,Achillea millefolium,Yarrow,0
ychey,Mentha spicata,Spearmint,0
chsd,Mentha spicata,Spearmint,0
cheokyl,Fermented tincture stage,Tincture intermediate,0
okshody,Mentha spicata,Spearmint,0
okshydy,Mentha spicata,Spearmint,0
oldar,Alcohol extract carrier,Solvent carrier,0
otcholchy,Mentha spicata,Spearmint,0
qoty,Alcohol extract carrier,Solvent carrier,0
okeoly,Hypericum perforatum,St Johns wort,0
ychedy,Fermented tincture stage,Tincture intermediate,0
oke,Mentha spicata,Spearmint,0
olcheeo,Melissa officinalis,Lemon balm,0
qokeees,Mentha spicata,Spearmint,0
kair,Melissa officinalis,Lemon balm,0
qtaiin,Mentha spicata,Spearmint,0
otcheedy,Mentha spicata,Spearmint,0
ych,Melissa officinalis,Lemon balm,0
qoteeody,Mentha spicata,Spearmint,0
qokchedy,Mentha spicata,Spearmint,0
ckheo,Mentha spicata,Spearmint,0
cheoky,Melissa officinalis,Lemon balm,0
chetar,Mentha spicata,Spearmint,0
qokeedal,Humulus lupulus,Hops,0
cheeol,Melissa officinalis,Lemon balm,0
ychar,Artemisia absinthium,Wormwood,0
olkeeody,Mentha spicata,Spearmint,0
octhhdy,Alcohol extract carrier,Solvent carrier,0
eear,Mentha spicata,Spearmint,0
ypcholy,Mentha spicata,Spearmint,0
chopol,Mentha spicata,Spearmint,0
olkaiir,Fermented tincture stage,Tincture intermediate,0
oleeedy,Mentha spicata,Spearmint,0
cheaky,Melissa officinalis,Lemon balm,0
saldam,Mentha spicata,Spearmint,0
otedaiin,Alcohol extract carrier,Solvent carrier,0
opor,Mentha spicata,Spearmint,0
otariin,Fermented tincture stage,Tincture intermediate,0
qokedaiin,Melissa officinalis,Lemon balm,0
sheyk,Mentha spicata,Spearmint,0
aekeeey,Mentha spicata,Spearmint,0
chckhaiin,Mentha spicata,Spearmint,0
ofchedy,Alcohol extract carrier,Solvent carrier,0
dalchdy,Mentha spicata,Spearmint,0
qkol,Fermented tincture stage,Tincture intermediate,0
yochedy,Mentha spicata,Spearmint,0
oekeeey,Mentha spicata,Spearmint,0
cheotchey,Humulus lupulus,Hops,0
ychea,Papaver somniferum,Opium poppy,0
shdy,Mentha spicata,Spearmint,0
ykai,Mentha spicata,Spearmint,0
qokchey,Mentha spicata,Spearmint,0
otain,Mentha spicata,Spearmint,0
sheockhy,Melissa officinalis,Lemon balm,0
eeckhy,Humulus lupulus,Hops,0
dckhy,Mentha spicata,Spearmint,0
sheed,Mentha spicata,Spearmint,0
shackhy,Mentha spicata,Spearmint,0
sheeor,Alcohol extract carrier,Solvent carrier,0
odeedy,Melissa officinalis,Lemon balm,0
shetar,Mentha spicata,Spearmint,0
olkeeey,Alcohol extract carrier,Solvent carrier,0
chcthed,Papaver somniferum,Opium poppy,0
chekar,Mentha spicata,Spearmint,0
olr,Alcohol extract carrier,Solvent carrier,0
chieir,Mentha spicata,Spearmint,0
qetair,Melissa officinalis,Lemon balm,0
chpchs,Melissa officinalis,Lemon balm,0
el,Artemisia absinthium,Wormwood,0
olan,Mentha spicata,Spearmint,0
chs,Achillea millefolium,Yarrow,0
ycheas,Papaver somniferum,Opium poppy,0
arol,Achillea millefolium,Yarrow,0
ctheol,Fermented tincture stage,Tincture intermediate,0
oteody,Fermented tincture stage,Tincture intermediate,0
otches,Mentha spicata,Spearmint,0
qoteedy,Mentha spicata,Spearmint,0
ykeeeady,Alcohol extract carrier,Solvent carrier,0
shekai,Humulus lupulus,Hops,0
chka,Alcohol extract carrier,Solvent carrier,0
ochedaiin,Mentha spicata,Spearmint,0
tair,Achillea millefolium,Yarrow,0
taiin,Mentha spicata,Spearmint,0
oqol,Mentha spicata,Spearmint,0
dsheedy,Alcohol extract carrier,Solvent carrier,0
ylchedor,Alcohol extract carrier,Solvent carrier,0
shekeod,Mentha spicata,Spearmint,0
qotchey,Melissa officinalis,Lemon balm,0
cheedai,Alcohol extract carrier,Solvent carrier,0
oeedy,Mentha spicata,Spearmint,0
cheedaiin,Alcohol extract carrier,Solvent carrier,0
shar,Alcohol extract carrier,Solvent carrier,0
checthal,Humulus lupulus,Hops,0
shekey,Fermented tincture stage,Tincture intermediate,0
teodaiin,Mentha spicata,Spearmint,0
chaly,Melissa officinalis,Lemon balm,0
okairy,Mentha spicata,Spearmint,0
cheeey,Mentha spicata,Spearmint,0
qokeeor,Mentha spicata,Spearmint,0
shkeedy,Achillea millefolium,Yarrow,0
ykeeeody,Alcohol extract carrier,Solvent carrier,0
qokeol,Fermented tincture stage,Tincture intermediate,0
qodal,Mentha spicata,,0
ykeedy,Mentha spicata,Spearmint,0
chos,Mentha spicata,,0
qokeeo,Mentha spicata,,0
okeody,Mentha spicata,Spearmint,0
ykeeykeey,Mentha spicata,,0
oteokeey,Mentha spicata,,0
chopchy,Achillea millefolium,Yarrow,0
shkchedy,Artemisia absinthium,Wormwood,0
ofar,Mentha spicata,,0
qokechy,Mentha spicata,Spearmint,0
okeod,Mentha spicata,Spearmint,0
qoair,Mentha spicata,,0
choaiin,Mentha spicata,,0
sol,Mentha spicata,,0
otchodal,Mentha spicata,,0
cholkal,Mentha spicata,,0
chdl,Mentha spicata,,0
yal,Mentha spicata,,0
chk,Mentha spicata,Spearmint,0
dalor,Mentha spicata,,0
okoey,Melissa officinalis,Lemon balm,0
shcfhor,Mentha spicata,,0
cheedar,Mentha spicata,,0
shckhor,Mentha spicata,,0
ofchedaiin,Mentha spicata,,0
ds,Papaver somniferum,Opium poppy,0
dory,Mentha spicata,,0
cfhol,Mentha spicata,,0
shkal,Mentha spicata,Spearmint,0
ytor,Mentha spicata,,0
opchedy,Achillea millefolium,Yarrow,0
olkaey,Mentha spicata,Spearmint,0
raiin,Mentha spicata,,0
i,Hypericum perforatum,St Johns wort,0
oteodair,Mentha spicata,,0
sheekey,Mentha spicata,,0
okesoe,Mentha spicata,Spearmint,0
dalchy,Mentha spicata,,0
okody,Mentha spicata,,0
olcheees,Mentha spicata,Spearmint,0
chdedy,Mentha spicata,,0
chory,Mentha spicata,,0
qoar,Mentha spicata,,0
chdlcty,Mentha spicata,,0
cheeal,Mentha spicata,,0
okeeedy,Mentha spicata,,0
eetees,Mentha spicata,,0
chcthoy,Mentha spicata,Spearmint,0
sholy,Mentha spicata,,0
das,Mentha spicata,Spearmint,0
oeees,Mentha spicata,,0
opar,Mentha spicata,,0
ofas,Mentha spicata,,0
ykolody,Mentha spicata,Spearmint,0
qckhedy,Mentha spicata,Spearmint,0
okeockhey,Mentha spicata,,0
oteeor,Mentha spicata,,0
alkchdy,Mentha spicata,,0
olsho,Hypericum perforatum,St Johns wort,0
checkhey,Mentha spicata,,0
olkeor,Mentha spicata,,0
qokair,Mentha spicata,,0
opshol,Achillea millefolium,Yarrow,0
orokeeeey,Mentha spicata,,0
cheot,Mentha spicata,,0
qokcho,Mentha spicata,,0
shoaiin,Valeriana officinalis,Valerian root,0
okaldy,Mentha spicata,,0
sheekchy,Mentha spicata,,0
choly,Mentha spicata,,0
qoka,Mentha spicata,Spearmint,0
kchol,Mentha spicata,,0
yoeear,Mentha spicata,,0
cheeos,Mentha spicata,,0
chokeey,Mentha spicata,,0
okair,Mentha spicata,,0
otalar,Melissa officinalis,Lemon balm,0
cholety,Mentha spicata,,0
ck,Hypericum perforatum,St Johns wort,0
chdlety,Mentha spicata,,0
oches,Mentha spicata,,0
cheeee,Mentha spicata,Spearmint,0
kairy,Mentha spicata,,0
cfhal,Mentha spicata,,0
chtol,Mentha spicata,,0
